Date & Time,prediction
01-11-2015 00:30,0.43965963
01-11-2015 01:00,0.481875
01-11-2015 01:00,0.5537189
01-11-2015 01:30,0.52136326
01-11-2015 01:30,0.83723336
01-11-2015 02:00,0.6424576
01-11-2015 02:30,0.57007605
01-11-2015 03:00,0.49284357
01-11-2015 03:30,0.41929626
01-11-2015 04:00,0.49574158
01-11-2015 04:30,0.5587861
01-11-2015 05:00,0.61001945
01-11-2015 05:30,0.6394404
01-11-2015 06:00,0.72725385
01-11-2015 06:30,0.8020541
01-11-2015 07:00,1.1519475
01-11-2015 07:30,1.2228599
01-11-2015 08:00,1.3126864
01-11-2015 08:30,0.8365319
01-11-2015 09:00,1.1760037
01-11-2015 09:30,1.1506312
01-11-2015 10:00,0.96009135
01-11-2015 10:30,1.1370015
01-11-2015 11:00,1.3374636
01-11-2015 11:30,1.5901968
01-11-2015 12:00,1.2182891
01-11-2015 12:30,0.91878176
01-11-2015 13:00,0.771899
01-11-2015 13:30,1.4301742
01-11-2015 14:00,0.5456959
01-11-2015 14:30,1.2544379
01-11-2015 15:00,1.959359
01-11-2015 15:30,1.8589884
01-11-2015 16:00,0.9467173
01-11-2015 16:30,1.312007
01-11-2015 17:00,1.5986482
01-11-2015 17:30,1.5844657
01-11-2015 18:00,2.820457
01-11-2015 18:30,0.9039871
01-11-2015 19:00,1.0312665
01-11-2015 19:30,0.8051379
01-11-2015 20:00,1.0559446
01-11-2015 20:30,0.7607081
01-11-2015 21:00,0.6749578
01-11-2015 21:30,0.76595813
01-11-2015 22:00,0.87065876
01-11-2015 22:30,0.43943286
01-11-2015 23:00,0.3178575
01-11-2015 23:30,0.3726358
02-11-2015 00:00,0.4661229
02-11-2015 00:30,0.35251474
02-11-2015 01:00,0.31853265
02-11-2015 01:30,0.35850877
02-11-2015 02:00,0.5104496
02-11-2015 02:30,0.36373085
02-11-2015 03:00,0.3245166
02-11-2015 03:30,0.3476364
02-11-2015 04:00,0.55065125
02-11-2015 04:30,0.51132095
02-11-2015 05:00,1.7940528
02-11-2015 05:30,0.8306632
02-11-2015 06:00,0.768028
02-11-2015 06:30,0.8461612
02-11-2015 07:00,0.6558528
02-11-2015 07:30,0.5430539
02-11-2015 08:00,0.40441138
02-11-2015 08:30,0.4639941
02-11-2015 09:00,0.19858298
02-11-2015 09:30,0.3252926
02-11-2015 10:00,0.62373036
02-11-2015 10:30,0.42013687
02-11-2015 11:00,0.123110354
02-11-2015 11:30,0.020622373
02-11-2015 12:00,0.15509897
02-11-2015 12:30,0.14165083
02-11-2015 13:00,0.15919876
02-11-2015 13:30,0.07140711
02-11-2015 14:00,0.15517229
02-11-2015 14:30,0.42823696
02-11-2015 15:00,0.8768544
02-11-2015 15:30,0.7733486
02-11-2015 16:00,0.61826605
02-11-2015 16:30,0.7698948
02-11-2015 17:00,0.90489703
02-11-2015 17:30,1.8960129
02-11-2015 18:00,1.3652675
02-11-2015 18:30,1.0314214
02-11-2015 19:00,0.7786869
02-11-2015 19:30,0.90365183
02-11-2015 20:00,1.0919101
02-11-2015 20:30,1.2443209
02-11-2015 21:00,1.8428725
02-11-2015 21:30,0.9979048
02-11-2015 22:00,1.9528232
02-11-2015 22:30,0.97673166
02-11-2015 23:00,0.958078
02-11-2015 23:30,0.47826657
03-11-2015 00:00,0.39011672
03-11-2015 00:30,0.31183738
03-11-2015 01:00,0.3494677
03-11-2015 01:30,0.33494008
03-11-2015 02:00,0.48045802
03-11-2015 02:30,0.3752477
03-11-2015 03:00,0.32484645
03-11-2015 03:30,0.40399337
03-11-2015 04:00,0.56740105
03-11-2015 04:30,0.7202428
03-11-2015 05:00,1.4604132
03-11-2015 05:30,1.0846827
03-11-2015 06:00,0.9732268
03-11-2015 06:30,0.714801
03-11-2015 07:00,1.2774296
03-11-2015 07:30,1.3246261
03-11-2015 08:00,0.8299228
03-11-2015 08:30,0.32079136
03-11-2015 09:00,0.13783592
03-11-2015 09:30,0.16808507
03-11-2015 10:00,0.03666073
03-11-2015 10:30,0.08214116
03-11-2015 11:00,0.20656833
03-11-2015 11:30,0.2524838
03-11-2015 12:00,0.50611764
03-11-2015 12:30,0.42263117
03-11-2015 13:00,0.28799623
03-11-2015 13:30,0.6766633
03-11-2015 14:00,0.23982018
03-11-2015 14:30,0.7408836
03-11-2015 15:00,0.8842633
03-11-2015 15:30,0.4609159
03-11-2015 16:00,0.44580188
03-11-2015 16:30,0.54818326
03-11-2015 17:00,0.6189221
03-11-2015 17:30,0.5135387
03-11-2015 18:00,0.4839557
03-11-2015 18:30,0.8782971
03-11-2015 19:00,0.64418757
03-11-2015 19:30,0.6543659
03-11-2015 20:00,0.6202538
03-11-2015 20:30,0.47075698
03-11-2015 21:00,0.8804997
03-11-2015 21:30,0.8607664
03-11-2015 22:00,0.65698624
03-11-2015 22:30,0.6955904
03-11-2015 23:00,0.6090971
03-11-2015 23:30,0.3764281
04-11-2015 00:00,0.334155
04-11-2015 00:30,0.35011172
04-11-2015 01:00,0.482468
04-11-2015 01:30,0.45788565
04-11-2015 02:00,0.4377193
04-11-2015 02:30,0.5012734
04-11-2015 03:00,0.5319361
04-11-2015 03:30,0.4135373
04-11-2015 04:00,0.32780838
04-11-2015 04:30,0.34048492
04-11-2015 05:00,0.49006823
04-11-2015 05:30,0.6558547
04-11-2015 06:00,0.5414769
04-11-2015 06:30,0.94789773
04-11-2015 07:00,0.80779976
04-11-2015 07:30,1.0257373
04-11-2015 08:00,0.6521128
04-11-2015 08:30,0.39742377
04-11-2015 09:00,0.65455854
04-11-2015 09:30,0.58812666
04-11-2015 10:00,0.020503283
04-11-2015 10:30,0.001057774
04-11-2015 11:00,-0.02755785
04-11-2015 11:30,0.10524538
04-11-2015 12:00,0.16166165
04-11-2015 12:30,0.027691543
04-11-2015 13:00,0.07863796
04-11-2015 13:30,0.14578283
04-11-2015 14:00,0.32820284
04-11-2015 14:30,0.4431918
04-11-2015 15:00,0.30016387
04-11-2015 15:30,0.30376744
04-11-2015 16:00,0.41078913
04-11-2015 16:30,0.4528073
04-11-2015 17:00,0.35444915
04-11-2015 17:30,0.6496332
04-11-2015 18:00,0.8648319
04-11-2015 18:30,0.9224673
04-11-2015 19:00,0.6777209
04-11-2015 19:30,0.65904474
04-11-2015 20:00,0.5209141
04-11-2015 20:30,1.2108009
04-11-2015 21:00,1.6777425
04-11-2015 21:30,0.99742806
04-11-2015 22:00,1.651739
04-11-2015 22:30,0.68543935
04-11-2015 23:00,0.7161513
04-11-2015 23:30,0.62177336
05-11-2015 00:00,0.31373006
05-11-2015 00:30,0.31614965
05-11-2015 01:00,0.41025746
05-11-2015 01:30,0.42777118
05-11-2015 02:00,0.30768484
05-11-2015 02:30,0.3221144
05-11-2015 03:00,0.41541958
05-11-2015 03:30,0.42074552
05-11-2015 04:00,0.3096143
05-11-2015 04:30,0.3280385
05-11-2015 05:00,0.490131
05-11-2015 05:30,0.54860544
05-11-2015 06:00,0.5440269
05-11-2015 06:30,0.6620636
05-11-2015 07:00,1.0576612
05-11-2015 07:30,0.8106946
05-11-2015 08:00,0.7101263
05-11-2015 08:30,0.36661255
05-11-2015 09:00,0.3238787
05-11-2015 09:30,0.24138954
05-11-2015 10:00,0.5188962
05-11-2015 10:30,0.5628306
05-11-2015 11:00,0.43774986
05-11-2015 11:30,0.41501072
05-11-2015 12:00,0.26112956
05-11-2015 12:30,0.5947312
05-11-2015 13:00,0.5985471
05-11-2015 13:30,0.3911609
05-11-2015 14:00,0.27969295
05-11-2015 14:30,0.5223804
05-11-2015 15:00,0.46179226
05-11-2015 15:30,0.34245592
05-11-2015 16:00,0.31044334
05-11-2015 16:30,0.37772635
05-11-2015 17:00,0.56927073
05-11-2015 17:30,0.49787927
05-11-2015 18:00,0.5476446
05-11-2015 18:30,0.77953166
05-11-2015 19:00,0.7588601
05-11-2015 19:30,0.4839845
05-11-2015 20:00,0.5686618
05-11-2015 20:30,0.35972518
05-11-2015 21:00,0.4063096
05-11-2015 21:30,0.40330726
05-11-2015 22:00,0.6924522
05-11-2015 22:30,0.8838513
05-11-2015 23:00,0.77781105
05-11-2015 23:30,0.3777848
06-11-2015 00:00,0.35466608
06-11-2015 00:30,0.49587238
06-11-2015 01:00,0.48665807
06-11-2015 01:30,0.32572228
06-11-2015 02:00,0.3142386
06-11-2015 02:30,0.42401016
06-11-2015 03:00,0.45619628
06-11-2015 03:30,0.40212268
06-11-2015 04:00,0.37724924
06-11-2015 04:30,0.4019334
06-11-2015 05:00,0.5405358
06-11-2015 05:30,0.5827936
06-11-2015 06:00,0.35204676
06-11-2015 06:30,0.3290202
06-11-2015 07:00,0.71640223
06-11-2015 07:30,1.0278089
06-11-2015 08:00,0.77365685
06-11-2015 08:30,0.28164238
06-11-2015 09:00,0.27021882
06-11-2015 09:30,0.27704698
06-11-2015 10:00,0.31980532
06-11-2015 10:30,0.477111
06-11-2015 11:00,0.2460882
06-11-2015 11:30,0.22981784
06-11-2015 12:00,0.18629903
06-11-2015 12:30,0.33151484
06-11-2015 13:00,0.45045575
06-11-2015 13:30,0.43586558
06-11-2015 14:00,0.68684626
06-11-2015 14:30,0.5958302
06-11-2015 15:00,0.35303855
06-11-2015 15:30,0.427035
06-11-2015 16:00,0.32594544
06-11-2015 16:30,0.3307134
06-11-2015 17:00,0.3301097
06-11-2015 17:30,0.5376099
06-11-2015 18:00,0.65305746
06-11-2015 18:30,0.5241226
06-11-2015 19:00,0.40095094
06-11-2015 19:30,0.33225405
06-11-2015 20:00,0.45409375
06-11-2015 20:30,0.43351266
06-11-2015 21:00,0.30890974
06-11-2015 21:30,0.30938345
06-11-2015 22:00,0.38107723
06-11-2015 22:30,0.6443449
06-11-2015 23:00,0.85605973
06-11-2015 23:30,0.31847987
07-11-2015 00:00,0.37173867
07-11-2015 00:30,0.52406746
07-11-2015 01:00,0.45046216
07-11-2015 01:30,0.39957288
07-11-2015 02:00,0.36716098
07-11-2015 02:30,0.47079647
07-11-2015 03:00,0.35488588
07-11-2015 03:30,0.3020417
07-11-2015 04:00,0.29927355
07-11-2015 04:30,0.40180936
07-11-2015 05:00,0.5027384
07-11-2015 05:30,0.3151238
07-11-2015 06:00,0.29757708
07-11-2015 06:30,0.32879508
07-11-2015 07:00,0.51583546
07-11-2015 07:30,0.7235751
07-11-2015 08:00,0.76504827
07-11-2015 08:30,1.1191827
07-11-2015 09:00,0.55109024
07-11-2015 09:30,1.5163196
07-11-2015 10:00,0.39726865
07-11-2015 10:30,0.3042628
07-11-2015 11:00,0.21601778
07-11-2015 11:30,0.40402532
07-11-2015 12:00,0.48616987
07-11-2015 12:30,0.4906739
07-11-2015 13:00,0.25150263
07-11-2015 13:30,0.53556365
07-11-2015 14:00,0.932027
07-11-2015 14:30,0.3080787
07-11-2015 15:00,0.6837672
07-11-2015 15:30,0.5713747
07-11-2015 16:00,0.61809444
07-11-2015 16:30,0.46849692
07-11-2015 17:00,0.4802674
07-11-2015 17:30,0.40329227
07-11-2015 18:00,0.5891858
07-11-2015 18:30,0.6917831
07-11-2015 19:00,0.5250767
07-11-2015 19:30,0.5208499
07-11-2015 20:00,0.9610454
07-11-2015 20:30,0.99933434
07-11-2015 21:00,1.221795
07-11-2015 21:30,1.039752
07-11-2015 22:00,0.8154485
07-11-2015 22:30,0.53635305
07-11-2015 23:00,0.31998217
07-11-2015 23:30,0.30621597
08-11-2015 00:00,0.41691142
08-11-2015 00:30,0.4236852
08-11-2015 01:00,0.31117857
08-11-2015 01:30,0.304259
08-11-2015 02:00,0.35898566
08-11-2015 02:30,0.61669046
08-11-2015 03:00,0.46497375
08-11-2015 03:30,0.56359756
08-11-2015 04:00,0.74362534
08-11-2015 04:30,0.78480744
08-11-2015 05:00,0.5979599
08-11-2015 05:30,0.68169445
08-11-2015 06:00,0.5283447
08-11-2015 06:30,1.0701094
08-11-2015 07:00,1.4116018
08-11-2015 07:30,1.1062336
08-11-2015 08:00,1.1944485
08-11-2015 08:30,1.4058113
08-11-2015 09:00,0.8815533
08-11-2015 09:30,0.48362866
08-11-2015 10:00,0.27497527
08-11-2015 10:30,0.22251913
08-11-2015 11:00,0.23227671
08-11-2015 11:30,0.1024048
08-11-2015 12:00,0.08776319
08-11-2015 12:30,-0.014948785
08-11-2015 13:00,0.112261385
08-11-2015 13:30,0.14897615
08-11-2015 14:00,0.26051322
08-11-2015 14:30,0.3891782
08-11-2015 15:00,0.41795072
08-11-2015 15:30,0.6633572
08-11-2015 16:00,0.710465
08-11-2015 16:30,1.1117206
08-11-2015 17:00,0.9441626
08-11-2015 17:30,1.3816195
08-11-2015 18:00,0.9357531
08-11-2015 18:30,0.9112654
08-11-2015 19:00,1.1775749
08-11-2015 19:30,1.9531134
08-11-2015 20:00,1.3122282
08-11-2015 20:30,1.0290623
08-11-2015 21:00,1.0423863
08-11-2015 21:30,1.1851218
08-11-2015 22:00,1.0885212
08-11-2015 22:30,0.97794497
08-11-2015 23:00,0.3817228
08-11-2015 23:30,0.58792746
09-11-2015 00:00,0.3775196
09-11-2015 00:30,0.29200113
09-11-2015 01:00,0.3430444
09-11-2015 01:30,0.44766328
09-11-2015 02:00,0.5982538
09-11-2015 02:30,0.49566102
09-11-2015 03:00,0.45719707
09-11-2015 03:30,0.689107
09-11-2015 04:00,0.66691256
09-11-2015 04:30,0.7184951
09-11-2015 05:00,1.4263966
09-11-2015 05:30,0.98854023
09-11-2015 06:00,0.9725327
09-11-2015 06:30,0.85954446
09-11-2015 07:00,0.39690617
09-11-2015 07:30,0.41604874
09-11-2015 08:00,0.35733846
09-11-2015 08:30,0.437956
09-11-2015 09:00,0.007413834
09-11-2015 09:30,0.9377763
09-11-2015 10:00,0.74735975
09-11-2015 10:30,0.43942496
09-11-2015 11:00,0.4987058
09-11-2015 11:30,0.80618787
09-11-2015 12:00,0.680682
09-11-2015 12:30,0.06884393
09-11-2015 13:00,0.79585624
09-11-2015 13:30,0.42267033
09-11-2015 14:00,0.19284302
09-11-2015 14:30,0.17971009
09-11-2015 15:00,0.39128155
09-11-2015 15:30,0.6759043
09-11-2015 16:00,0.597492
09-11-2015 16:30,0.9413074
09-11-2015 17:00,0.95208406
09-11-2015 17:30,0.8952446
09-11-2015 18:00,1.1129676
09-11-2015 18:30,1.0232143
09-11-2015 19:00,0.5746303
09-11-2015 19:30,0.8309244
09-11-2015 20:00,1.5980997
09-11-2015 20:30,1.5546864
09-11-2015 21:00,1.243259
09-11-2015 21:30,1.9519786
09-11-2015 22:00,1.5316781
09-11-2015 22:30,0.6451413
09-11-2015 23:00,0.735341
09-11-2015 23:30,0.55352664
10-11-2015 00:00,0.45499352
10-11-2015 00:30,0.77227676
10-11-2015 01:00,0.46796817
10-11-2015 01:30,0.42955813
10-11-2015 02:00,0.3852562
10-11-2015 02:30,0.5070853
10-11-2015 03:00,0.58031726
10-11-2015 03:30,0.42136115
10-11-2015 04:00,0.37905413
10-11-2015 04:30,0.6331094
10-11-2015 05:00,1.5658451
10-11-2015 05:30,0.84741104
10-11-2015 06:00,0.81846523
10-11-2015 06:30,0.69138014
10-11-2015 07:00,0.8778784
10-11-2015 07:30,1.0291343
10-11-2015 08:00,0.66165215
10-11-2015 08:30,0.5246253
10-11-2015 09:00,0.38557708
10-11-2015 09:30,0.5124875
10-11-2015 10:00,0.4790135
10-11-2015 10:30,0.4014405
10-11-2015 11:00,0.44824117
10-11-2015 11:30,0.482902
10-11-2015 12:00,0.46922517
10-11-2015 12:30,0.47963944
10-11-2015 13:00,0.8611586
10-11-2015 13:30,0.59814286
10-11-2015 14:00,0.49249384
10-11-2015 14:30,0.59304863
10-11-2015 15:00,0.6428681
10-11-2015 15:30,1.277533
10-11-2015 16:00,1.1739663
10-11-2015 16:30,1.1773398
10-11-2015 17:00,0.92221415
10-11-2015 17:30,0.71522236
10-11-2015 18:00,1.1330266
10-11-2015 18:30,1.108938
10-11-2015 19:00,1.0140586
10-11-2015 19:30,0.84538114
10-11-2015 20:00,0.72446656
10-11-2015 20:30,0.6216738
10-11-2015 21:00,0.8137202
10-11-2015 21:30,0.75241375
10-11-2015 22:00,0.8888866
10-11-2015 22:30,0.7599865
10-11-2015 23:00,0.6411897
10-11-2015 23:30,0.5791135
11-11-2015 00:00,0.31160465
11-11-2015 00:30,0.4567975
11-11-2015 01:00,0.6482731
11-11-2015 01:30,0.5321734
11-11-2015 02:00,0.65558064
11-11-2015 02:30,0.9963909
11-11-2015 03:00,0.65314513
11-11-2015 03:30,0.514236
11-11-2015 04:00,0.46257365
11-11-2015 04:30,0.47880206
11-11-2015 05:00,1.6871839
11-11-2015 05:30,1.0145972
11-11-2015 06:00,1.008959
11-11-2015 06:30,0.7416133
11-11-2015 07:00,0.837531
11-11-2015 07:30,0.9550401
11-11-2015 08:00,1.4082038
11-11-2015 08:30,0.3941192
11-11-2015 09:00,0.36790028
11-11-2015 09:30,0.41444817
11-11-2015 10:00,0.7651189
11-11-2015 10:30,0.75172555
11-11-2015 11:00,0.46996814
11-11-2015 11:30,0.48613766
11-11-2015 12:00,0.4529553
11-11-2015 12:30,0.7737318
11-11-2015 13:00,0.54053336
11-11-2015 13:30,1.1309317
11-11-2015 14:00,0.8656193
11-11-2015 14:30,0.8463677
11-11-2015 15:00,1.2184935
11-11-2015 15:30,0.6203103
11-11-2015 16:00,0.54768467
11-11-2015 16:30,1.1490555
11-11-2015 17:00,1.0748916
11-11-2015 17:30,0.7180445
11-11-2015 18:00,0.958394
11-11-2015 18:30,1.5215861
11-11-2015 19:00,1.5572072
11-11-2015 19:30,0.97010624
11-11-2015 20:00,1.3353184
11-11-2015 20:30,0.9362967
11-11-2015 21:00,0.78831327
11-11-2015 21:30,0.6723312
11-11-2015 22:00,0.86266756
11-11-2015 22:30,0.74372804
11-11-2015 23:00,0.3946916
11-11-2015 23:30,0.4006085
12-11-2015 00:00,0.5572321
12-11-2015 00:30,0.38368756
12-11-2015 01:00,0.37107968
12-11-2015 01:30,0.5149493
12-11-2015 02:00,0.45914525
12-11-2015 02:30,0.44108292
12-11-2015 03:00,0.44698566
12-11-2015 03:30,0.75905895
12-11-2015 04:00,0.5717234
12-11-2015 04:30,0.58281153
12-11-2015 05:00,1.5598924
12-11-2015 05:30,1.0797821
12-11-2015 06:00,0.72145534
12-11-2015 06:30,0.74843913
12-11-2015 07:00,1.0726948
12-11-2015 07:30,1.4765742
12-11-2015 08:00,0.91845024
12-11-2015 08:30,1.2776564
12-11-2015 09:00,0.79314905
12-11-2015 09:30,1.4482818
12-11-2015 10:00,0.7447549
12-11-2015 10:30,0.67276305
12-11-2015 11:00,0.6892988
12-11-2015 11:30,0.7049813
12-11-2015 12:00,0.5241688
12-11-2015 12:30,0.9153867
12-11-2015 13:00,0.8065557
12-11-2015 13:30,0.5683229
12-11-2015 14:00,0.4732319
12-11-2015 14:30,0.73925906
12-11-2015 15:00,1.1885898
12-11-2015 15:30,1.61976
12-11-2015 16:00,1.5657173
12-11-2015 16:30,2.0131378
12-11-2015 17:00,1.1992536
12-11-2015 17:30,0.89941
12-11-2015 18:00,0.80212635
12-11-2015 18:30,1.1979256
12-11-2015 19:00,0.66290545
12-11-2015 19:30,1.575894
12-11-2015 20:00,1.0351597
12-11-2015 20:30,1.291398
12-11-2015 21:00,0.92573977
12-11-2015 21:30,0.9232131
12-11-2015 22:00,0.73043174
12-11-2015 22:30,0.56429255
12-11-2015 23:00,0.6369644
12-11-2015 23:30,0.39323926
13-11-2015 00:00,0.36829537
13-11-2015 00:30,0.60819256
13-11-2015 01:00,0.3703036
13-11-2015 01:30,0.34814674
13-11-2015 02:00,0.48039818
13-11-2015 02:30,0.39851063
13-11-2015 03:00,0.3998099
13-11-2015 03:30,0.59455884
13-11-2015 04:00,0.62419426
13-11-2015 04:30,0.6130932
13-11-2015 05:00,1.3781669
13-11-2015 05:30,1.0381243
13-11-2015 06:00,0.7384783
13-11-2015 06:30,0.7108216
13-11-2015 07:00,0.7600496
13-11-2015 07:30,0.97610545
13-11-2015 08:00,0.89942217
13-11-2015 08:30,0.5513609
13-11-2015 09:00,0.64254034
13-11-2015 09:30,0.58340347
13-11-2015 10:00,0.5604188
13-11-2015 10:30,0.57005745
13-11-2015 11:00,0.37529063
13-11-2015 11:30,0.2490249
13-11-2015 12:00,0.2955113
13-11-2015 12:30,0.028793752
13-11-2015 13:00,0.34016323
13-11-2015 13:30,0.4187607
13-11-2015 14:00,0.3088203
13-11-2015 14:30,0.20741913
13-11-2015 15:00,0.3510801
13-11-2015 15:30,0.5082122
13-11-2015 16:00,0.39994416
13-11-2015 16:30,0.9496491
13-11-2015 17:00,0.76647305
13-11-2015 17:30,0.5766882
13-11-2015 18:00,0.7353097
13-11-2015 18:30,0.808336
13-11-2015 19:00,1.0316685
13-11-2015 19:30,0.7800621
13-11-2015 20:00,1.1132286
13-11-2015 20:30,0.81000245
13-11-2015 21:00,0.70927477
13-11-2015 21:30,0.3741721
13-11-2015 22:00,0.9804678
13-11-2015 22:30,1.0030813
13-11-2015 23:00,0.95383817
13-11-2015 23:30,1.1468897
14-11-2015 00:00,0.64607644
14-11-2015 00:30,0.78043747
14-11-2015 01:00,0.85155034
14-11-2015 01:30,0.79696876
14-11-2015 02:00,0.74985206
14-11-2015 02:30,1.1206841
14-11-2015 03:00,0.70794505
14-11-2015 03:30,0.76734453
14-11-2015 04:00,0.7715703
14-11-2015 04:30,1.1999702
14-11-2015 05:00,0.7238908
14-11-2015 05:30,0.722266
14-11-2015 06:00,0.99447143
14-11-2015 06:30,1.193811
14-11-2015 07:00,1.588687
14-11-2015 07:30,1.0901163
14-11-2015 08:00,1.225874
14-11-2015 08:30,0.70997715
14-11-2015 09:00,0.9617756
14-11-2015 09:30,0.6904187
14-11-2015 10:00,1.452905
14-11-2015 10:30,1.3964715
14-11-2015 11:00,0.61247367
14-11-2015 11:30,1.6006745
14-11-2015 12:00,1.5484178
14-11-2015 12:30,1.879745
14-11-2015 13:00,1.2112892
14-11-2015 13:30,0.44349116
14-11-2015 14:00,1.9345678
14-11-2015 14:30,0.6005593
14-11-2015 15:00,2.3213656
14-11-2015 15:30,2.8708372
14-11-2015 16:00,2.304226
14-11-2015 16:30,1.2589464
14-11-2015 17:00,1.046105
14-11-2015 17:30,1.5191756
14-11-2015 18:00,0.80636245
14-11-2015 18:30,1.0160257
14-11-2015 19:00,1.919239
14-11-2015 19:30,1.0715585
14-11-2015 20:00,1.0724328
14-11-2015 20:30,1.0854633
14-11-2015 21:00,0.94075924
14-11-2015 21:30,0.9437442
14-11-2015 22:00,0.46944872
14-11-2015 22:30,0.43980044
14-11-2015 23:00,0.71110994
14-11-2015 23:30,0.89450157
15-11-2015 00:00,0.55123436
15-11-2015 00:30,0.92624533
15-11-2015 01:00,0.75336725
15-11-2015 01:30,0.5072236
15-11-2015 02:00,0.6126858
15-11-2015 02:30,0.64165896
15-11-2015 03:00,0.79984736
15-11-2015 03:30,1.0827014
15-11-2015 04:00,0.76381874
15-11-2015 04:30,0.76413405
15-11-2015 05:00,0.9373384
15-11-2015 05:30,1.2114882
15-11-2015 06:00,0.989771
15-11-2015 06:30,0.77933
15-11-2015 07:00,1.5369935
15-11-2015 07:30,0.86218274
15-11-2015 08:00,0.87844604
15-11-2015 08:30,0.657779
15-11-2015 09:00,0.6978314
15-11-2015 09:30,0.5532424
15-11-2015 10:00,0.6195276
15-11-2015 10:30,1.7621897
15-11-2015 11:00,0.82098705
15-11-2015 11:30,0.82098705
15-11-2015 12:00,0.94080746
15-11-2015 12:30,1.2738603
15-11-2015 13:00,0.46410394
15-11-2015 13:30,0.14636669
15-11-2015 14:00,0.2483162
15-11-2015 14:30,0.29079223
15-11-2015 15:00,0.27091885
15-11-2015 15:30,0.41394478
15-11-2015 16:00,0.5337745
15-11-2015 16:30,0.460602
15-11-2015 17:00,0.6214012
15-11-2015 17:30,0.49513683
15-11-2015 18:00,0.53222996
15-11-2015 18:30,0.6241429
15-11-2015 19:00,0.53622687
15-11-2015 19:30,0.48561737
15-11-2015 20:00,1.150976
15-11-2015 20:30,1.3746562
15-11-2015 21:00,0.9228414
15-11-2015 21:30,0.81228757
15-11-2015 22:00,0.7214385
15-11-2015 22:30,0.39528015
15-11-2015 23:00,0.37906277
15-11-2015 23:30,0.37414664
16-11-2015 00:00,0.5704888
16-11-2015 00:30,0.5657888
16-11-2015 01:00,0.41486993
16-11-2015 01:30,0.51396817
16-11-2015 02:00,0.51044506
16-11-2015 02:30,0.53627986
16-11-2015 03:00,0.6687215
16-11-2015 03:30,0.5374108
16-11-2015 04:00,0.5616234
16-11-2015 04:30,0.5284877
16-11-2015 05:00,1.4933318
16-11-2015 05:30,0.84222054
16-11-2015 06:00,0.63437384
16-11-2015 06:30,0.6739833
16-11-2015 07:00,0.47397304
16-11-2015 07:30,0.44105443
16-11-2015 08:00,0.47960237
16-11-2015 08:30,0.3843392
16-11-2015 09:00,0.00561294
16-11-2015 09:30,0.4412101
16-11-2015 10:00,0.70415425
16-11-2015 10:30,0.5572781
16-11-2015 11:00,0.46508318
16-11-2015 11:30,1.1429281
16-11-2015 12:00,0.96421623
16-11-2015 12:30,0.9036585
16-11-2015 13:00,0.6645606
16-11-2015 13:30,0.056476563
16-11-2015 14:00,0.44643438
16-11-2015 14:30,0.8292904
16-11-2015 15:00,0.8119172
16-11-2015 15:30,0.85747373
16-11-2015 16:00,0.89322996
16-11-2015 16:30,0.76332164
16-11-2015 17:00,1.2027416
16-11-2015 17:30,1.8662741
16-11-2015 18:00,3.2039628
16-11-2015 18:30,1.249835
16-11-2015 19:00,0.73355234
16-11-2015 19:30,0.72101927
16-11-2015 20:00,1.615156
16-11-2015 20:30,1.590246
16-11-2015 21:00,0.9816308
16-11-2015 21:30,1.8663887
16-11-2015 22:00,0.9824551
16-11-2015 22:30,0.55782163
16-11-2015 23:00,0.56917584
16-11-2015 23:30,0.51256263
17-11-2015 00:00,0.5528746
17-11-2015 00:30,0.82590806
17-11-2015 01:00,0.5410531
17-11-2015 01:30,0.48961323
17-11-2015 02:00,0.3931354
17-11-2015 02:30,0.5409701
17-11-2015 03:00,0.55474436
17-11-2015 03:30,0.3561368
17-11-2015 04:00,0.41163993
17-11-2015 04:30,0.7878511
17-11-2015 05:00,1.6267457
17-11-2015 05:30,0.8301158
17-11-2015 06:00,0.682525
17-11-2015 06:30,0.91273284
17-11-2015 07:00,1.1614025
17-11-2015 07:30,0.9815838
17-11-2015 08:00,0.80819196
17-11-2015 08:30,0.48359928
17-11-2015 09:00,0.26521644
17-11-2015 09:30,0.3447509
17-11-2015 10:00,0.1481818
17-11-2015 10:30,0.23507613
17-11-2015 11:00,0.3614924
17-11-2015 11:30,0.25522614
17-11-2015 12:00,0.55776256
17-11-2015 12:30,0.35124636
17-11-2015 13:00,0.14241904
17-11-2015 13:30,0.24617034
17-11-2015 14:00,0.27653247
17-11-2015 14:30,0.5587141
17-11-2015 15:00,1.1130993
17-11-2015 15:30,0.7959621
17-11-2015 16:00,0.9409922
17-11-2015 16:30,1.6658872
17-11-2015 17:00,1.4552848
17-11-2015 17:30,1.266103
17-11-2015 18:00,1.1266629
17-11-2015 18:30,1.3560688
17-11-2015 19:00,1.1384307
17-11-2015 19:30,1.0445547
17-11-2015 20:00,1.2305372
17-11-2015 20:30,1.0708971
17-11-2015 21:00,0.7277479
17-11-2015 21:30,0.7235516
17-11-2015 22:00,1.2469294
17-11-2015 22:30,0.7803051
17-11-2015 23:00,0.8757716
17-11-2015 23:30,0.7585409
18-11-2015 00:00,1.0714612
18-11-2015 00:30,0.77114224
18-11-2015 01:00,1.0049951
18-11-2015 01:30,1.2569945
18-11-2015 02:00,1.3170817
18-11-2015 02:30,0.9518639
18-11-2015 03:00,0.95618325
18-11-2015 03:30,0.80643797
18-11-2015 04:00,0.8563833
18-11-2015 04:30,0.87733877
18-11-2015 05:00,1.6359394
18-11-2015 05:30,1.3026329
18-11-2015 06:00,0.9743522
18-11-2015 06:30,1.0939693
18-11-2015 07:00,1.3129476
18-11-2015 07:30,1.6248188
18-11-2015 08:00,0.56050485
18-11-2015 08:30,0.294889
18-11-2015 09:00,0.39791116
18-11-2015 09:30,0.8858149
18-11-2015 10:00,0.48024553
18-11-2015 10:30,0.43880033
18-11-2015 11:00,0.47813466
18-11-2015 11:30,1.5134833
18-11-2015 12:00,0.50278205
18-11-2015 12:30,0.91315484
18-11-2015 13:00,0.92244804
18-11-2015 13:30,0.3868221
18-11-2015 14:00,0.27758443
18-11-2015 14:30,0.3308841
18-11-2015 15:00,0.39605972
18-11-2015 15:30,0.96928656
18-11-2015 16:00,0.7960404
18-11-2015 16:30,1.1713444
18-11-2015 17:00,0.89597535
18-11-2015 17:30,0.8852226
18-11-2015 18:00,1.1452119
18-11-2015 18:30,0.9440222
18-11-2015 19:00,1.188717
18-11-2015 19:30,1.03566
18-11-2015 20:00,1.1980534
18-11-2015 20:30,1.2736621
18-11-2015 21:00,1.4346484
18-11-2015 21:30,1.1173832
18-11-2015 22:00,0.73496795
18-11-2015 22:30,0.5264244
18-11-2015 23:00,0.75803125
18-11-2015 23:30,0.35353592
19-11-2015 00:00,0.3373757
19-11-2015 00:30,0.4647241
19-11-2015 01:00,0.48433968
19-11-2015 01:30,0.5340955
19-11-2015 02:00,0.5161503
19-11-2015 02:30,0.4770516
19-11-2015 03:00,0.6004749
19-11-2015 03:30,0.5742227
19-11-2015 04:00,0.5035733
19-11-2015 04:30,0.63352776
19-11-2015 05:00,1.5305606
19-11-2015 05:30,0.90147406
19-11-2015 06:00,0.6753353
19-11-2015 06:30,1.2623185
19-11-2015 07:00,1.1969635
19-11-2015 07:30,1.1786609
19-11-2015 08:00,0.4102882
19-11-2015 08:30,0.40570635
19-11-2015 09:00,0.38400352
19-11-2015 09:30,0.50097513
19-11-2015 10:00,0.52423745
19-11-2015 10:30,0.5660473
19-11-2015 11:00,0.7092305
19-11-2015 11:30,0.8438145
19-11-2015 12:00,0.83204687
19-11-2015 12:30,0.75437796
19-11-2015 13:00,0.80379033
19-11-2015 13:30,0.85611784
19-11-2015 14:00,0.77367926
19-11-2015 14:30,1.070754
19-11-2015 15:00,0.45173752
19-11-2015 15:30,1.1236651
19-11-2015 16:00,1.1028728
19-11-2015 16:30,1.3078088
19-11-2015 17:00,1.3905449
19-11-2015 17:30,0.8045919
19-11-2015 18:00,1.0160333
19-11-2015 18:30,1.2782984
19-11-2015 19:00,2.0483527
19-11-2015 19:30,1.1439846
19-11-2015 20:00,1.5187844
19-11-2015 20:30,1.3849168
19-11-2015 21:00,1.153661
19-11-2015 21:30,0.62254053
19-11-2015 22:00,0.6433294
19-11-2015 22:30,0.4540236
19-11-2015 23:00,0.50309765
19-11-2015 23:30,0.4625554
20-11-2015 00:00,0.33130938
20-11-2015 00:30,0.34011024
20-11-2015 01:00,0.4074086
20-11-2015 01:30,0.5446773
20-11-2015 02:00,0.43446252
20-11-2015 02:30,0.31499392
20-11-2015 03:00,0.29471368
20-11-2015 03:30,0.38515058
20-11-2015 04:00,0.448936
20-11-2015 04:30,0.38683724
20-11-2015 05:00,1.365452
20-11-2015 05:30,0.48123378
20-11-2015 06:00,0.85394526
20-11-2015 06:30,0.8770982
20-11-2015 07:00,0.79307055
20-11-2015 07:30,0.8053216
20-11-2015 08:00,0.87804794
20-11-2015 08:30,0.52598506
20-11-2015 09:00,0.41766453
20-11-2015 09:30,1.2616148
20-11-2015 10:00,0.90665877
20-11-2015 10:30,0.34772897
20-11-2015 11:00,-0.028481781
20-11-2015 11:30,-0.039102376
20-11-2015 12:00,0.002276272
20-11-2015 12:30,0.08876178
20-11-2015 13:00,-0.02592808
20-11-2015 13:30,-0.000831842
20-11-2015 14:00,0.092232764
20-11-2015 14:30,0.11419067
20-11-2015 15:00,0.1832583
20-11-2015 15:30,0.40008107
20-11-2015 16:00,0.6015835
20-11-2015 16:30,1.0636407
20-11-2015 17:00,0.6413952
20-11-2015 17:30,0.7194892
20-11-2015 18:00,1.2383208
20-11-2015 18:30,1.0554537
20-11-2015 19:00,1.248235
20-11-2015 19:30,0.5955221
20-11-2015 20:00,1.5193483
20-11-2015 20:30,0.93650293
20-11-2015 21:00,0.90742683
20-11-2015 21:30,0.80527496
20-11-2015 22:00,0.8641039
20-11-2015 22:30,0.83242595
20-11-2015 23:00,0.557433
20-11-2015 23:30,0.47513005
21-11-2015 00:00,0.7084292
21-11-2015 00:30,0.6148012
21-11-2015 01:00,0.80754757
21-11-2015 01:30,0.6362822
21-11-2015 02:00,0.96849054
21-11-2015 02:30,0.6724681
21-11-2015 03:00,0.6718862
21-11-2015 03:30,0.8642405
21-11-2015 04:00,0.9496718
21-11-2015 04:30,0.89020526
21-11-2015 05:00,0.95365125
21-11-2015 05:30,1.2536838
21-11-2015 06:00,1.2733996
21-11-2015 06:30,1.284723
21-11-2015 07:00,1.7863094
21-11-2015 07:30,0.91889274
21-11-2015 08:00,1.0984116
21-11-2015 08:30,1.1026297
21-11-2015 09:00,1.5457681
21-11-2015 09:30,0.7127218
21-11-2015 10:00,0.75015837
21-11-2015 10:30,1.1427023
21-11-2015 11:00,0.8225067
21-11-2015 11:30,0.22107315
21-11-2015 12:00,0.18185174
21-11-2015 12:30,0.056059837
21-11-2015 13:00,0.059832036
21-11-2015 13:30,0.22409648
21-11-2015 14:00,0.44483364
21-11-2015 14:30,0.46813467
21-11-2015 15:00,0.6190139
21-11-2015 15:30,0.7435933
21-11-2015 16:00,0.67563206
21-11-2015 16:30,0.6021006
21-11-2015 17:00,1.24791
21-11-2015 17:30,1.0168875
21-11-2015 18:00,0.71529794
21-11-2015 18:30,1.2213602
21-11-2015 19:00,1.1892626
21-11-2015 19:30,1.0877587
21-11-2015 20:00,0.9761405
21-11-2015 20:30,1.2271731
21-11-2015 21:00,1.2922395
21-11-2015 21:30,1.3135402
21-11-2015 22:00,0.70413065
21-11-2015 22:30,0.40620783
21-11-2015 23:00,0.38059708
21-11-2015 23:30,0.47310132
22-11-2015 00:00,0.4084152
22-11-2015 00:30,0.61396194
22-11-2015 01:00,0.49195287
22-11-2015 01:30,0.64268214
22-11-2015 02:00,0.74886435
22-11-2015 02:30,0.79365015
22-11-2015 03:00,0.57272285
22-11-2015 03:30,0.5416663
22-11-2015 04:00,0.79011494
22-11-2015 04:30,0.58563036
22-11-2015 05:00,0.70575273
22-11-2015 05:30,0.6615917
22-11-2015 06:00,0.8190556
22-11-2015 06:30,0.8146603
22-11-2015 07:00,1.6297084
22-11-2015 07:30,0.6736256
22-11-2015 08:00,0.75265634
22-11-2015 08:30,0.9266976
22-11-2015 09:00,0.7265497
22-11-2015 09:30,0.7482792
22-11-2015 10:00,0.5374102
22-11-2015 10:30,0.9280067
22-11-2015 11:00,0.78793037
22-11-2015 11:30,0.99108195
22-11-2015 12:00,1.0115552
22-11-2015 12:30,0.87754714
22-11-2015 13:00,1.1935468
22-11-2015 13:30,1.4242504
22-11-2015 14:00,2.1503367
22-11-2015 14:30,1.4962618
22-11-2015 15:00,1.9990155
22-11-2015 15:30,1.3438468
22-11-2015 16:00,2.1108503
22-11-2015 16:30,1.3831463
22-11-2015 17:00,1.3646213
22-11-2015 17:30,1.3983976
22-11-2015 18:00,1.2248164
22-11-2015 18:30,1.9687854
22-11-2015 19:00,1.6315141
22-11-2015 19:30,1.0221958
22-11-2015 20:00,1.5142443
22-11-2015 20:30,1.3462614
22-11-2015 21:00,1.3477421
22-11-2015 21:30,1.2024643
22-11-2015 22:00,0.9087429
22-11-2015 22:30,0.90320015
22-11-2015 23:00,0.47811368
22-11-2015 23:30,0.29832828
23-11-2015 00:00,0.37535536
23-11-2015 00:30,0.39492667
23-11-2015 01:00,0.5199159
23-11-2015 01:30,0.52961004
23-11-2015 02:00,0.48845187
23-11-2015 02:30,0.6302463
23-11-2015 03:00,0.74594915
23-11-2015 03:30,0.819396
23-11-2015 04:00,1.0200689
23-11-2015 04:30,0.8471112
23-11-2015 05:00,1.8624986
23-11-2015 05:30,1.1071852
23-11-2015 06:00,0.76442564
23-11-2015 06:30,0.97935414
23-11-2015 07:00,0.6703886
23-11-2015 07:30,0.83023584
23-11-2015 08:00,0.81084836
23-11-2015 08:30,0.83169496
23-11-2015 09:00,0.5627201
23-11-2015 09:30,0.95050406
23-11-2015 10:00,1.486912
23-11-2015 10:30,2.02349
23-11-2015 11:00,1.1693863
23-11-2015 11:30,0.7683886
23-11-2015 12:00,1.1540432
23-11-2015 12:30,0.57799673
23-11-2015 13:00,0.98343223
23-11-2015 13:30,1.2433708
23-11-2015 14:00,0.65934265
23-11-2015 14:30,0.64297926
23-11-2015 15:00,0.87210315
23-11-2015 15:30,0.74377304
23-11-2015 16:00,0.797126
23-11-2015 16:30,2.9413486
23-11-2015 17:00,1.6436138
23-11-2015 17:30,1.9959202
23-11-2015 18:00,1.6715344
23-11-2015 18:30,1.3572193
23-11-2015 19:00,1.3466847
23-11-2015 19:30,1.0644574
23-11-2015 20:00,1.0172476
23-11-2015 20:30,1.637869
23-11-2015 21:00,1.0740644
23-11-2015 21:30,0.931437
23-11-2015 22:00,1.0152535
23-11-2015 22:30,0.58914936
23-11-2015 23:00,0.6731865
23-11-2015 23:30,0.92666894
24-11-2015 00:00,0.763186
24-11-2015 00:30,1.0813037
24-11-2015 01:00,0.8438734
24-11-2015 01:30,0.82703745
24-11-2015 02:00,1.0306334
24-11-2015 02:30,0.918954
24-11-2015 03:00,0.87696326
24-11-2015 03:30,0.98982316
24-11-2015 04:00,0.83482254
24-11-2015 04:30,0.8065126
24-11-2015 05:00,1.6911949
24-11-2015 05:30,1.2040949
24-11-2015 06:00,0.91422963
24-11-2015 06:30,1.0272732
24-11-2015 07:00,0.98957014
24-11-2015 07:30,1.3145374
24-11-2015 08:00,0.9928292
24-11-2015 08:30,0.48995057
24-11-2015 09:00,0.53076
24-11-2015 09:30,0.38597542
24-11-2015 10:00,0.4137377
24-11-2015 10:30,0.58767414
24-11-2015 11:00,0.32289356
24-11-2015 11:30,0.25076875
24-11-2015 12:00,0.7354686
24-11-2015 12:30,0.31406254
24-11-2015 13:00,0.2473382
24-11-2015 13:30,0.5132007
24-11-2015 14:00,0.2617337
24-11-2015 14:30,0.3465436
24-11-2015 15:00,0.36152554
24-11-2015 15:30,1.0201823
24-11-2015 16:00,1.343884
24-11-2015 16:30,0.9138025
24-11-2015 17:00,0.8630662
24-11-2015 17:30,1.0391473
24-11-2015 18:00,1.2628492
24-11-2015 18:30,1.1526893
24-11-2015 19:00,1.2175543
24-11-2015 19:30,1.2637745
24-11-2015 20:00,1.1382002
24-11-2015 20:30,0.9975628
24-11-2015 21:00,1.0420139
24-11-2015 21:30,0.5395323
24-11-2015 22:00,0.7232439
24-11-2015 22:30,0.7439165
24-11-2015 23:00,0.7997339
24-11-2015 23:30,0.59818333
25-11-2015 00:00,0.77514064
25-11-2015 00:30,0.74845856
25-11-2015 01:00,0.995769
25-11-2015 01:30,0.85602486
25-11-2015 02:00,0.7489726
25-11-2015 02:30,0.89722365
25-11-2015 03:00,0.82739854
25-11-2015 03:30,0.71765745
25-11-2015 04:00,0.71403956
25-11-2015 04:30,0.9118048
25-11-2015 05:00,1.7047735
25-11-2015 05:30,0.99651027
25-11-2015 06:00,0.84060955
25-11-2015 06:30,0.85109365
25-11-2015 07:00,1.1480455
25-11-2015 07:30,1.2136079
25-11-2015 08:00,0.67349964
25-11-2015 08:30,0.48769158
25-11-2015 09:00,0.45717338
25-11-2015 09:30,0.4856295
25-11-2015 10:00,0.94913065
25-11-2015 10:30,0.7455003
25-11-2015 11:00,0.07590678
25-11-2015 11:30,0.027979702
25-11-2015 12:00,-0.004696906
25-11-2015 12:30,-0.064281225
25-11-2015 13:00,0.028931767
25-11-2015 13:30,0.010319412
25-11-2015 14:00,0.16621763
25-11-2015 14:30,0.33374548
25-11-2015 15:00,0.23978853
25-11-2015 15:30,0.37606406
25-11-2015 16:00,0.96425
25-11-2015 16:30,1.4203637
25-11-2015 17:00,0.63242584
25-11-2015 17:30,0.5768406
25-11-2015 18:00,0.8026848
25-11-2015 18:30,1.294227
25-11-2015 19:00,0.867154
25-11-2015 19:30,0.8532867
25-11-2015 20:00,1.8795723
25-11-2015 20:30,1.4186
25-11-2015 21:00,1.9277701
25-11-2015 21:30,1.2027178
25-11-2015 22:00,0.71346426
25-11-2015 22:30,0.30306607
25-11-2015 23:00,0.4286378
25-11-2015 23:30,0.3144638
26-11-2015 00:00,0.53204924
26-11-2015 00:30,0.6651644
26-11-2015 01:00,0.8661964
26-11-2015 01:30,0.52829397
26-11-2015 02:00,0.8763692
26-11-2015 02:30,0.8449195
26-11-2015 03:00,0.80991393
26-11-2015 03:30,0.85195017
26-11-2015 04:00,0.87168086
26-11-2015 04:30,0.7746762
26-11-2015 05:00,1.6561552
26-11-2015 05:30,0.9546667
26-11-2015 06:00,0.4457072
26-11-2015 06:30,0.33144507
26-11-2015 07:00,0.3963074
26-11-2015 07:30,0.29661512
26-11-2015 08:00,0.2225608
26-11-2015 08:30,0.14358863
26-11-2015 09:00,0.09950793
26-11-2015 09:30,0.042174697
26-11-2015 10:00,-0.005617082
26-11-2015 10:30,0.16055566
26-11-2015 11:00,0.20298868
26-11-2015 11:30,0.17735079
26-11-2015 12:00,0.24124357
26-11-2015 12:30,0.31934223
26-11-2015 13:00,0.2987495
26-11-2015 13:30,0.29712898
26-11-2015 14:00,0.5117424
26-11-2015 14:30,0.25886703
26-11-2015 15:00,0.26465172
26-11-2015 15:30,0.27468175
26-11-2015 16:00,0.29431695
26-11-2015 16:30,0.44306397
26-11-2015 17:00,0.30359593
26-11-2015 17:30,0.38174167
26-11-2015 18:00,0.49061406
26-11-2015 18:30,0.381596
26-11-2015 19:00,0.32501122
26-11-2015 19:30,0.4342186
26-11-2015 20:00,0.3849439
26-11-2015 20:30,0.3131752
26-11-2015 21:00,0.2684573
26-11-2015 21:30,0.35131985
26-11-2015 22:00,0.40156335
26-11-2015 22:30,0.26643956
26-11-2015 23:00,0.26810706
26-11-2015 23:30,0.37137508
27-11-2015 00:00,0.36295503
27-11-2015 00:30,0.3025468
27-11-2015 01:00,0.305148
27-11-2015 01:30,0.43974912
27-11-2015 02:00,0.27747238
27-11-2015 02:30,0.29217297
27-11-2015 03:00,0.511184
27-11-2015 03:30,0.44811547
27-11-2015 04:00,0.4069777
27-11-2015 04:30,0.45319197
27-11-2015 05:00,0.51219773
27-11-2015 05:30,0.41964787
27-11-2015 06:00,0.4085129
27-11-2015 06:30,0.5094379
27-11-2015 07:00,0.3664071
27-11-2015 07:30,0.30576777
27-11-2015 08:00,0.32317847
27-11-2015 08:30,0.27087933
27-11-2015 09:00,0.13886884
27-11-2015 09:30,0.16850808
27-11-2015 10:00,0.19276202
27-11-2015 10:30,0.029562056
27-11-2015 11:00,0.038104504
27-11-2015 11:30,0.12241566
27-11-2015 12:00,-0.001153529
27-11-2015 12:30,0.025517821
27-11-2015 13:00,0.14673433
27-11-2015 13:30,0.17585135
27-11-2015 14:00,0.054220974
27-11-2015 14:30,0.15478265
27-11-2015 15:00,0.39232275
27-11-2015 15:30,0.33691263
27-11-2015 16:00,0.338866
27-11-2015 16:30,0.68948555
27-11-2015 17:00,0.6943226
27-11-2015 17:30,0.35804275
27-11-2015 18:00,0.41452646
27-11-2015 18:30,0.5539663
27-11-2015 19:00,0.3830985
27-11-2015 19:30,0.37640324
27-11-2015 20:00,0.4550987
27-11-2015 20:30,0.3856495
27-11-2015 21:00,0.3386951
27-11-2015 21:30,0.4252931
27-11-2015 22:00,0.44274092
27-11-2015 22:30,0.33781362
27-11-2015 23:00,0.33959404
27-11-2015 23:30,0.4768427
28-11-2015 00:00,0.3672651
28-11-2015 00:30,0.33528924
28-11-2015 01:00,0.41987497
28-11-2015 01:30,0.39081204
28-11-2015 02:00,0.34361047
28-11-2015 02:30,0.3775946
28-11-2015 03:00,0.45452976
28-11-2015 03:30,0.33871293
28-11-2015 04:00,0.33632737
28-11-2015 04:30,0.47507662
28-11-2015 05:00,0.3759681
28-11-2015 05:30,0.32733947
28-11-2015 06:00,0.41540432
28-11-2015 06:30,0.3800069
28-11-2015 07:00,0.36634108
28-11-2015 07:30,0.422082
28-11-2015 08:00,0.44800264
28-11-2015 08:30,0.33930284
28-11-2015 09:00,0.31924152
28-11-2015 09:30,0.4401827
28-11-2015 10:00,0.35381806
28-11-2015 10:30,0.3031398
28-11-2015 11:00,0.36917183
28-11-2015 11:30,0.36776364
28-11-2015 12:00,0.30868715
28-11-2015 12:30,0.35154986
28-11-2015 13:00,0.48633453
28-11-2015 13:30,0.3820118
28-11-2015 14:00,0.31989735
28-11-2015 14:30,0.45952004
28-11-2015 15:00,0.39135492
28-11-2015 15:30,0.36217415
28-11-2015 16:00,0.44783604
28-11-2015 16:30,0.41979727
28-11-2015 17:00,0.35310465
28-11-2015 17:30,0.4083739
28-11-2015 18:00,0.44170725
28-11-2015 18:30,0.3421188
28-11-2015 19:00,0.3403778
28-11-2015 19:30,0.457816
28-11-2015 20:00,0.39531428
28-11-2015 20:30,0.3359884
28-11-2015 21:00,0.39551187
28-11-2015 21:30,0.42489132
28-11-2015 22:00,0.3420614
28-11-2015 22:30,0.5688386
28-11-2015 23:00,0.8324433
28-11-2015 23:30,0.6185948
29-11-2015 00:00,0.61562765
29-11-2015 00:30,0.7804878
29-11-2015 01:00,0.63199604
29-11-2015 01:30,0.8784502
29-11-2015 02:00,0.7602397
29-11-2015 02:30,0.96256644
29-11-2015 03:00,0.6017437
29-11-2015 03:30,0.8029121
29-11-2015 04:00,0.93128806
29-11-2015 04:30,0.7100129
29-11-2015 05:00,0.8126495
29-11-2015 05:30,0.9011663
29-11-2015 06:00,0.9442973
29-11-2015 06:30,0.81653917
29-11-2015 07:00,0.82499796
29-11-2015 07:30,1.0154302
29-11-2015 08:00,0.6933825
29-11-2015 08:30,0.50212914
29-11-2015 09:00,0.41847035
29-11-2015 09:30,0.34396797
29-11-2015 10:00,0.28684342
29-11-2015 10:30,0.15713555
29-11-2015 11:00,0.15418246
29-11-2015 11:30,0.06592548
29-11-2015 12:00,0.0545564
29-11-2015 12:30,0.099024504
29-11-2015 13:00,0.060087234
29-11-2015 13:30,0.06371418
29-11-2015 14:00,0.12526244
29-11-2015 14:30,0.17862925
29-11-2015 15:00,0.16238159
29-11-2015 15:30,0.3011899
29-11-2015 16:00,0.45769304
29-11-2015 16:30,0.43213606
29-11-2015 17:00,0.39124304
29-11-2015 17:30,0.49493387
29-11-2015 18:00,0.48264834
29-11-2015 18:30,0.40524483
29-11-2015 19:00,0.3969753
29-11-2015 19:30,0.5773018
29-11-2015 20:00,0.39240566
29-11-2015 20:30,0.40671852
29-11-2015 21:00,0.47413805
29-11-2015 21:30,0.6278499
29-11-2015 22:00,0.6055976
29-11-2015 22:30,0.8551583
29-11-2015 23:00,1.0076085
29-11-2015 23:30,0.6244012
30-11-2015 00:00,0.8207778
30-11-2015 00:30,0.98080397
30-11-2015 01:00,0.91198885
30-11-2015 01:30,0.8705557
30-11-2015 02:00,0.87910485
30-11-2015 02:30,0.56119
30-11-2015 03:00,0.5256201
30-11-2015 03:30,0.6352491
30-11-2015 04:00,1.4479282
30-11-2015 04:30,0.949003
30-11-2015 05:00,0.83044493
30-11-2015 05:30,0.9255334
30-11-2015 06:00,0.77436006
30-11-2015 06:30,0.87403226
30-11-2015 07:00,0.5929507
30-11-2015 07:30,0.9550029
30-11-2015 08:00,0.6859369
30-11-2015 08:30,0.5489449
30-11-2015 09:00,0.7897464
30-11-2015 09:30,0.61308545
30-11-2015 10:00,0.2983625
30-11-2015 10:30,0.38114125
30-11-2015 11:00,0.66891
30-11-2015 11:30,0.37844068
30-11-2015 12:00,0.5232205
30-11-2015 12:30,0.5356262
30-11-2015 13:00,0.65319943
30-11-2015 13:30,0.6622014
30-11-2015 14:00,0.29981005
30-11-2015 14:30,0.41226053
30-11-2015 15:00,0.532719
30-11-2015 15:30,0.5412198
30-11-2015 16:00,0.87927055
30-11-2015 16:30,0.97178084
30-11-2015 17:00,0.8373313
30-11-2015 17:30,0.8255787
30-11-2015 18:00,0.9044892
30-11-2015 18:30,0.86334246
30-11-2015 19:00,0.5900644
30-11-2015 19:30,0.8428284
30-11-2015 20:00,0.71527636
30-11-2015 20:30,0.80176216
30-11-2015 21:00,0.57821995
30-11-2015 21:30,0.9160014
30-11-2015 22:00,0.88875985
30-11-2015 22:30,0.7906517
30-11-2015 23:00,0.82133377
30-11-2015 23:30,0.98261595
01-12-2015 00:00,0.86011016
01-12-2015 00:30,0.78718555
01-12-2015 01:00,0.87516856
01-12-2015 01:30,0.76122844
01-12-2015 02:00,0.8265989
01-12-2015 02:30,0.8195396
01-12-2015 03:00,0.96128446
01-12-2015 03:30,0.85811514
01-12-2015 04:00,0.9030278
01-12-2015 04:30,0.97502255
01-12-2015 05:00,0.58971715
01-12-2015 05:30,0.45214897
01-12-2015 06:00,0.46205312
01-12-2015 06:30,1.2893184
01-12-2015 07:00,1.0497842
01-12-2015 07:30,0.82540286
01-12-2015 08:00,0.84006906
01-12-2015 08:30,0.6206394
01-12-2015 09:00,0.56132823
01-12-2015 09:30,0.5713384
01-12-2015 10:00,0.6938731
01-12-2015 10:30,0.3911766
01-12-2015 11:00,0.5566591
01-12-2015 11:30,0.6435312
01-12-2015 12:00,0.6530552
01-12-2015 12:30,0.5709724
01-12-2015 13:00,0.76073045
01-12-2015 13:30,0.7419728
01-12-2015 14:00,0.66126275
01-12-2015 14:30,0.64506274
01-12-2015 15:00,0.7330707
01-12-2015 15:30,2.0840204
01-12-2015 16:00,2.4508688
01-12-2015 16:30,2.6605074
01-12-2015 17:00,2.7413416
01-12-2015 17:30,1.8410623
01-12-2015 18:00,1.8818837
01-12-2015 18:30,1.7868874
01-12-2015 19:00,1.7069141
01-12-2015 19:30,1.3806953
01-12-2015 20:00,1.850642
01-12-2015 20:30,1.5957261
01-12-2015 21:00,0.9737193
01-12-2015 21:30,1.0397701
01-12-2015 22:00,1.0306818
01-12-2015 22:30,0.85172266
01-12-2015 23:00,1.202594
01-12-2015 23:30,0.99481833
02-12-2015 00:00,1.120352
02-12-2015 00:30,1.0493987
02-12-2015 01:00,1.091968
02-12-2015 01:30,1.2582563
02-12-2015 02:00,1.0242221
02-12-2015 02:30,1.0463697
02-12-2015 03:00,1.1528637
02-12-2015 03:30,1.2475042
02-12-2015 04:00,1.031656
02-12-2015 04:30,1.0720288
02-12-2015 05:00,1.9587592
02-12-2015 05:30,1.3660151
02-12-2015 06:00,1.1080154
02-12-2015 06:30,1.0308807
02-12-2015 07:00,1.458899
02-12-2015 07:30,1.6019969
02-12-2015 08:00,1.2343218
02-12-2015 08:30,1.4026159
02-12-2015 09:00,1.6066107
02-12-2015 09:30,2.5513847
02-12-2015 10:00,0.800852
02-12-2015 10:30,0.840313
02-12-2015 11:00,1.0197569
02-12-2015 11:30,0.735644
02-12-2015 12:00,0.59886813
02-12-2015 12:30,0.6479116
02-12-2015 13:00,0.755322
02-12-2015 13:30,0.6720093
02-12-2015 14:00,0.8726948
02-12-2015 14:30,0.9351083
02-12-2015 15:00,0.72827184
02-12-2015 15:30,1.3624947
02-12-2015 16:00,1.3474559
02-12-2015 16:30,1.213577
02-12-2015 17:00,1.9417204
02-12-2015 17:30,1.4779418
02-12-2015 18:00,1.066889
02-12-2015 18:30,1.0235964
02-12-2015 19:00,1.1904725
02-12-2015 19:30,1.2504599
02-12-2015 20:00,1.0176077
02-12-2015 20:30,1.4587363
02-12-2015 21:00,0.8343458
02-12-2015 21:30,0.7408893
02-12-2015 22:00,1.1967059
02-12-2015 22:30,0.67464733
02-12-2015 23:00,0.8047453
02-12-2015 23:30,0.62587166
03-12-2015 00:00,0.4496613
03-12-2015 00:30,0.3431558
03-12-2015 01:00,0.4565882
03-12-2015 01:30,0.5141886
03-12-2015 02:00,0.8244271
03-12-2015 02:30,0.87076354
03-12-2015 03:00,0.7951623
03-12-2015 03:30,0.7662031
03-12-2015 04:00,0.8125768
03-12-2015 04:30,0.781708
03-12-2015 05:00,1.9884119
03-12-2015 05:30,0.9996468
03-12-2015 06:00,1.0009634
03-12-2015 06:30,0.9761584
03-12-2015 07:00,1.104399
03-12-2015 07:30,1.1110501
03-12-2015 08:00,1.0072782
03-12-2015 08:30,0.5782896
03-12-2015 09:00,0.4813051
03-12-2015 09:30,0.35130805
03-12-2015 10:00,0.4020272
03-12-2015 10:30,0.13445309
03-12-2015 11:00,0.40915173
03-12-2015 11:30,0.50603837
03-12-2015 12:00,0.67817616
03-12-2015 12:30,0.5404339
03-12-2015 13:00,0.5259119
03-12-2015 13:30,0.48676056
03-12-2015 14:00,0.37656632
03-12-2015 14:30,0.22966152
03-12-2015 15:00,0.37668493
03-12-2015 15:30,0.5896211
03-12-2015 16:00,1.4371523
03-12-2015 16:30,1.9314702
03-12-2015 17:00,1.343454
03-12-2015 17:30,1.128476
03-12-2015 18:00,1.2403688
03-12-2015 18:30,1.6897713
03-12-2015 19:00,1.2888445
03-12-2015 19:30,1.1586995
03-12-2015 20:00,1.1014124
03-12-2015 20:30,1.2799969
03-12-2015 21:00,1.3246791
03-12-2015 21:30,0.5825067
03-12-2015 22:00,0.6565094
03-12-2015 22:30,1.0805819
03-12-2015 23:00,0.8864292
03-12-2015 23:30,0.9155339
04-12-2015 00:00,0.61353624
04-12-2015 00:30,0.68816346
04-12-2015 01:00,0.86473453
04-12-2015 01:30,0.64441395
04-12-2015 02:00,0.95683235
04-12-2015 02:30,1.0347427
04-12-2015 03:00,1.0314002
04-12-2015 03:30,0.8381038
04-12-2015 04:00,0.8739821
04-12-2015 04:30,0.91873837
04-12-2015 05:00,1.5286937
04-12-2015 05:30,1.7098696
04-12-2015 06:00,1.7106616
04-12-2015 06:30,0.82583547
04-12-2015 07:00,1.0649426
04-12-2015 07:30,1.37162
04-12-2015 08:00,0.8240592
04-12-2015 08:30,0.55741215
04-12-2015 09:00,0.23994386
04-12-2015 09:30,0.3753267
04-12-2015 10:00,0.4636781
04-12-2015 10:30,0.41122568
04-12-2015 11:00,0.72187626
04-12-2015 11:30,0.8123883
04-12-2015 12:00,1.1488181
04-12-2015 12:30,1.01386
04-12-2015 13:00,0.92097783
04-12-2015 13:30,1.027952
04-12-2015 14:00,0.92768335
04-12-2015 14:30,1.3292685
04-12-2015 15:00,1.0886805
04-12-2015 15:30,1.403197
04-12-2015 16:00,1.2072293
04-12-2015 16:30,2.9447112
04-12-2015 17:00,1.7686671
04-12-2015 17:30,1.2882745
04-12-2015 18:00,1.7559785
04-12-2015 18:30,1.0724149
04-12-2015 19:00,1.2614505
04-12-2015 19:30,1.9685627
04-12-2015 20:00,1.1641295
04-12-2015 20:30,1.2280731
04-12-2015 21:00,0.56504005
04-12-2015 21:30,0.49777827
04-12-2015 22:00,1.0852993
04-12-2015 22:30,0.7003728
04-12-2015 23:00,0.57838356
04-12-2015 23:30,0.38694882
05-12-2015 00:00,0.40495253
05-12-2015 00:30,0.44787437
05-12-2015 01:00,0.77360696
05-12-2015 01:30,0.7261665
05-12-2015 02:00,0.67174816
05-12-2015 02:30,0.8997172
05-12-2015 03:00,1.0621458
05-12-2015 03:30,0.93316734
05-12-2015 04:00,0.75729907
05-12-2015 04:30,1.492477
05-12-2015 05:00,1.9330513
05-12-2015 05:30,1.2219608
05-12-2015 06:00,0.68258685
05-12-2015 06:30,1.2683482
05-12-2015 07:00,1.1003523
05-12-2015 07:30,1.1404724
05-12-2015 08:00,0.99117947
05-12-2015 08:30,0.709298
05-12-2015 09:00,0.68151945
05-12-2015 09:30,0.7191071
05-12-2015 10:00,0.475356
05-12-2015 10:30,-0.006696403
05-12-2015 11:00,0.10229197
05-12-2015 11:30,0.030692816
05-12-2015 12:00,0.10921967
05-12-2015 12:30,0.37650695
05-12-2015 13:00,0.042748928
05-12-2015 13:30,0.034307986
05-12-2015 14:00,0.16528824
05-12-2015 14:30,0.18093547
05-12-2015 15:00,0.2512713
05-12-2015 15:30,0.2908044
05-12-2015 16:00,0.47071066
05-12-2015 16:30,0.516087
05-12-2015 17:00,0.3422614
05-12-2015 17:30,0.34380132
05-12-2015 18:00,0.38077432
05-12-2015 18:30,0.5620914
05-12-2015 19:00,0.5040052
05-12-2015 19:30,0.9024894
05-12-2015 20:00,0.8906541
05-12-2015 20:30,1.0861523
05-12-2015 21:00,1.0149028
05-12-2015 21:30,0.90438443
05-12-2015 22:00,0.32667696
05-12-2015 22:30,0.41543278
05-12-2015 23:00,0.61067814
05-12-2015 23:30,0.7859429
06-12-2015 00:00,0.59647
06-12-2015 00:30,0.93606263
06-12-2015 01:00,1.1330361
06-12-2015 01:30,0.86383986
06-12-2015 02:00,0.9774872
06-12-2015 02:30,1.0519112
06-12-2015 03:00,1.2839347
06-12-2015 03:30,1.0806142
06-12-2015 04:00,1.1541823
06-12-2015 04:30,1.1603438
06-12-2015 05:00,1.2356513
06-12-2015 05:30,1.2631183
06-12-2015 06:00,1.1103015
06-12-2015 06:30,1.5673709
06-12-2015 07:00,1.6873959
06-12-2015 07:30,1.416264
06-12-2015 08:00,1.1126299
06-12-2015 08:30,1.5018506
06-12-2015 09:00,1.2403347
06-12-2015 09:30,1.3686273
06-12-2015 10:00,0.58951086
06-12-2015 10:30,0.79881454
06-12-2015 11:00,0.8587395
06-12-2015 11:30,1.1651821
06-12-2015 12:00,0.37970787
06-12-2015 12:30,1.5692422
06-12-2015 13:00,0.85639507
06-12-2015 13:30,0.104007095
06-12-2015 14:00,0.17497954
06-12-2015 14:30,0.4345123
06-12-2015 15:00,0.4468937
06-12-2015 15:30,0.67198324
06-12-2015 16:00,1.534474
06-12-2015 16:30,1.6880622
06-12-2015 17:00,1.2350242
06-12-2015 17:30,1.3805406
06-12-2015 18:00,1.7122766
06-12-2015 18:30,1.4820409
06-12-2015 19:00,1.9117296
06-12-2015 19:30,0.7610975
06-12-2015 20:00,0.7500549
06-12-2015 20:30,1.1816664
06-12-2015 21:00,1.2385954
06-12-2015 21:30,0.7608944
06-12-2015 22:00,0.73852915
06-12-2015 22:30,0.71463084
06-12-2015 23:00,1.0084385
06-12-2015 23:30,0.611238
07-12-2015 00:00,0.6109066
07-12-2015 00:30,0.5400715
07-12-2015 01:00,0.7630203
07-12-2015 01:30,0.77775633
07-12-2015 02:00,0.7408737
07-12-2015 02:30,0.96659744
07-12-2015 03:00,1.0795931
07-12-2015 03:30,0.87954247
07-12-2015 04:00,0.69013876
07-12-2015 04:30,0.8599733
07-12-2015 05:00,1.8003328
07-12-2015 05:30,1.1207962
07-12-2015 06:00,0.8812274
07-12-2015 06:30,0.74694955
07-12-2015 07:00,0.88644
07-12-2015 07:30,0.8948097
07-12-2015 08:00,0.38592485
07-12-2015 08:30,1.0559709
07-12-2015 09:00,1.8486652
07-12-2015 09:30,2.4301414
07-12-2015 10:00,1.1762006
07-12-2015 10:30,0.397316
07-12-2015 11:00,0.32290423
07-12-2015 11:30,0.12692848
07-12-2015 12:00,0.16970727
07-12-2015 12:30,0.12155485
07-12-2015 13:00,0.73209405
07-12-2015 13:30,0.13610187
07-12-2015 14:00,0.44537634
07-12-2015 14:30,0.5258537
07-12-2015 15:00,0.36605373
07-12-2015 15:30,0.35895854
07-12-2015 16:00,0.47447777
07-12-2015 16:30,1.419292
07-12-2015 17:00,0.7721692
07-12-2015 17:30,0.71415013
07-12-2015 18:00,0.70328784
07-12-2015 18:30,0.6888418
07-12-2015 19:00,0.5996506
07-12-2015 19:30,0.76841956
07-12-2015 20:00,1.3399322
07-12-2015 20:30,1.3687431
07-12-2015 21:00,1.0307066
07-12-2015 21:30,0.903231
07-12-2015 22:00,0.72563314
07-12-2015 22:30,0.596843
07-12-2015 23:00,0.56869197
07-12-2015 23:30,1.0364714
08-12-2015 00:00,0.87127686
08-12-2015 00:30,0.8579637
08-12-2015 01:00,0.8858562
08-12-2015 01:30,0.83328426
08-12-2015 02:00,1.0950389
08-12-2015 02:30,0.7105881
08-12-2015 03:00,0.86401343
08-12-2015 03:30,0.7036418
08-12-2015 04:00,0.87597036
08-12-2015 04:30,1.1779178
08-12-2015 05:00,2.0363355
08-12-2015 05:30,1.1303089
08-12-2015 06:00,0.86917955
08-12-2015 06:30,0.92215586
08-12-2015 07:00,1.3054836
08-12-2015 07:30,1.4614594
08-12-2015 08:00,0.9315975
08-12-2015 08:30,0.5866836
08-12-2015 09:00,0.68060243
08-12-2015 09:30,0.35416365
08-12-2015 10:00,0.30456865
08-12-2015 10:30,0.29687333
08-12-2015 11:00,0.49886227
08-12-2015 11:30,0.713899
08-12-2015 12:00,0.28013045
08-12-2015 12:30,0.23555794
08-12-2015 13:00,0.12203342
08-12-2015 13:30,0.03568542
08-12-2015 14:00,0.13755378
08-12-2015 14:30,0.23354596
08-12-2015 15:00,0.36139905
08-12-2015 15:30,0.9098869
08-12-2015 16:00,1.1794682
08-12-2015 16:30,1.0984784
08-12-2015 17:00,1.0993052
08-12-2015 17:30,0.95030785
08-12-2015 18:00,0.9302552
08-12-2015 18:30,1.1325505
08-12-2015 19:00,1.2587309
08-12-2015 19:30,1.0764422
08-12-2015 20:00,0.9139339
08-12-2015 20:30,0.985686
08-12-2015 21:00,0.6292763
08-12-2015 21:30,0.43681622
08-12-2015 22:00,0.94272137
08-12-2015 22:30,0.90690017
08-12-2015 23:00,0.9879818
08-12-2015 23:30,0.92652583
09-12-2015 00:00,0.7590127
09-12-2015 00:30,0.5893348
09-12-2015 01:00,0.94370127
09-12-2015 01:30,1.0803033
09-12-2015 02:00,0.8303263
09-12-2015 02:30,0.82595766
09-12-2015 03:00,0.80921394
09-12-2015 03:30,0.7837268
09-12-2015 04:00,1.0778621
09-12-2015 04:30,0.92581075
09-12-2015 05:00,1.3170822
09-12-2015 05:30,1.0357623
09-12-2015 06:00,1.0189574
09-12-2015 06:30,0.89646846
09-12-2015 07:00,1.0511969
09-12-2015 07:30,1.0704706
09-12-2015 08:00,0.73825884
09-12-2015 08:30,0.34628332
09-12-2015 09:00,0.4090044
09-12-2015 09:30,0.52300364
09-12-2015 10:00,0.57478106
09-12-2015 10:30,0.54332775
09-12-2015 11:00,0.54131514
09-12-2015 11:30,0.54960746
09-12-2015 12:00,0.82288516
09-12-2015 12:30,0.62805605
09-12-2015 13:00,0.59380597
09-12-2015 13:30,0.36700684
09-12-2015 14:00,1.580032
09-12-2015 14:30,1.7324557
09-12-2015 15:00,1.1365798
09-12-2015 15:30,1.4358137
09-12-2015 16:00,1.141281
09-12-2015 16:30,1.1177707
09-12-2015 17:00,0.88125217
09-12-2015 17:30,1.0671501
09-12-2015 18:00,1.223805
09-12-2015 18:30,1.0316962
09-12-2015 19:00,0.8921143
09-12-2015 19:30,0.8917515
09-12-2015 20:00,0.86668885
09-12-2015 20:30,1.0167272
09-12-2015 21:00,1.018672
09-12-2015 21:30,0.746875
09-12-2015 22:00,0.86057436
09-12-2015 22:30,0.88500607
09-12-2015 23:00,0.9097292
09-12-2015 23:30,0.7046324
10-12-2015 00:00,0.4294272
10-12-2015 00:30,0.49361107
10-12-2015 01:00,0.6152477
10-12-2015 01:30,0.6459801
10-12-2015 02:00,0.7744584
10-12-2015 02:30,1.0112224
10-12-2015 03:00,0.87797606
10-12-2015 03:30,0.6117983
10-12-2015 04:00,0.65728045
10-12-2015 04:30,0.8285215
10-12-2015 05:00,1.4415805
10-12-2015 05:30,1.3609235
10-12-2015 06:00,0.9529433
10-12-2015 06:30,0.8511832
10-12-2015 07:00,1.2003314
10-12-2015 07:30,1.0804219
10-12-2015 08:00,0.7957142
10-12-2015 08:30,0.5655598
10-12-2015 09:00,0.32795084
10-12-2015 09:30,0.16085899
10-12-2015 10:00,0.05180794
10-12-2015 10:30,0.050705194
10-12-2015 11:00,0.48310095
10-12-2015 11:30,0.32127225
10-12-2015 12:00,0.23629269
10-12-2015 12:30,0.21300247
10-12-2015 13:00,0.24942794
10-12-2015 13:30,0.28715974
10-12-2015 14:00,0.3717777
10-12-2015 14:30,0.19681242
10-12-2015 15:00,0.29660642
10-12-2015 15:30,0.39469782
10-12-2015 16:00,0.41323537
10-12-2015 16:30,1.0155191
10-12-2015 17:00,1.135989
10-12-2015 17:30,1.0154645
10-12-2015 18:00,0.87360287
10-12-2015 18:30,0.84232104
10-12-2015 19:00,0.8354548
10-12-2015 19:30,1.0557561
10-12-2015 20:00,1.1025193
10-12-2015 20:30,0.8110815
10-12-2015 21:00,0.5450216
10-12-2015 21:30,0.3566482
10-12-2015 22:00,0.96615136
10-12-2015 22:30,0.93373656
10-12-2015 23:00,1.0187616
10-12-2015 23:30,1.2446935
11-12-2015 00:00,1.2323742
11-12-2015 00:30,0.816892
11-12-2015 01:00,1.3925984
11-12-2015 01:30,0.9724726
11-12-2015 02:00,0.5314342
11-12-2015 02:30,0.6864662
11-12-2015 03:00,0.65231717
11-12-2015 03:30,0.89012873
11-12-2015 04:00,0.8677282
11-12-2015 04:30,0.6823163
11-12-2015 05:00,1.1932482
11-12-2015 05:30,1.1818144
11-12-2015 06:00,1.2228782
11-12-2015 06:30,1.0404065
11-12-2015 07:00,1.03763
11-12-2015 07:30,1.1323581
11-12-2015 08:00,0.7803002
11-12-2015 08:30,0.36511654
11-12-2015 09:00,0.6505548
11-12-2015 09:30,0.27206922
11-12-2015 10:00,0.51768667
11-12-2015 10:30,1.0122547
11-12-2015 11:00,0.7472242
11-12-2015 11:30,1.0020764
11-12-2015 12:00,0.06808174
11-12-2015 12:30,0.07629672
11-12-2015 13:00,0.18124038
11-12-2015 13:30,0.29333228
11-12-2015 14:00,0.41360515
11-12-2015 14:30,0.39308697
11-12-2015 15:00,0.30123878
11-12-2015 15:30,0.8239906
11-12-2015 16:00,0.8759722
11-12-2015 16:30,0.81500196
11-12-2015 17:00,1.1046398
11-12-2015 17:30,1.0282288
11-12-2015 18:00,0.70838726
11-12-2015 18:30,1.3024952
11-12-2015 19:00,1.050569
11-12-2015 19:30,1.4418797
11-12-2015 20:00,1.4135666
11-12-2015 20:30,1.9049385
11-12-2015 21:00,1.5073733
11-12-2015 21:30,0.862307
11-12-2015 22:00,0.5030003
11-12-2015 22:30,0.57328945
11-12-2015 23:00,0.5681609
11-12-2015 23:30,0.41179997
12-12-2015 00:00,0.38944632
12-12-2015 00:30,0.4790092
12-12-2015 01:00,0.6120412
12-12-2015 01:30,0.4966773
12-12-2015 02:00,0.3934998
12-12-2015 02:30,0.3864293
12-12-2015 03:00,0.4519633
12-12-2015 03:30,0.54705334
12-12-2015 04:00,0.6190986
12-12-2015 04:30,0.6148882
12-12-2015 05:00,0.54095405
12-12-2015 05:30,1.0012616
12-12-2015 06:00,0.5637995
12-12-2015 06:30,1.025376
12-12-2015 07:00,1.6487628
12-12-2015 07:30,1.0698009
12-12-2015 08:00,0.937949
12-12-2015 08:30,0.8600349
12-12-2015 09:00,0.8509128
12-12-2015 09:30,0.7807723
12-12-2015 10:00,0.5295685
12-12-2015 10:30,0.3980013
12-12-2015 11:00,0.38495088
12-12-2015 11:30,0.5862743
12-12-2015 12:00,0.44541836
12-12-2015 12:30,0.38161218
12-12-2015 13:00,0.11455855
12-12-2015 13:30,0.32602847
12-12-2015 14:00,0.6097925
12-12-2015 14:30,1.1032525
12-12-2015 15:00,1.0938716
12-12-2015 15:30,1.0332699
12-12-2015 16:00,0.94746214
12-12-2015 16:30,0.44293827
12-12-2015 17:00,0.46537554
12-12-2015 17:30,0.7420689
12-12-2015 18:00,0.69634295
12-12-2015 18:30,0.5042172
12-12-2015 19:00,0.4492253
12-12-2015 19:30,0.40799722
12-12-2015 20:00,0.644158
12-12-2015 20:30,0.49548128
12-12-2015 21:00,0.90692496
12-12-2015 21:30,0.9619019
12-12-2015 22:00,0.39750642
12-12-2015 22:30,0.7935414
12-12-2015 23:00,0.53940487
12-12-2015 23:30,0.64292234
13-12-2015 00:00,0.6409224
13-12-2015 00:30,0.57934475
13-12-2015 01:00,0.40979788
13-12-2015 01:30,0.37405723
13-12-2015 02:00,0.41356462
13-12-2015 02:30,0.44924328
13-12-2015 03:00,0.6928251
13-12-2015 03:30,0.6219686
13-12-2015 04:00,0.49367565
13-12-2015 04:30,0.3864346
13-12-2015 05:00,0.42915982
13-12-2015 05:30,0.486639
13-12-2015 06:00,0.65983975
13-12-2015 06:30,1.3389943
13-12-2015 07:00,1.2468649
13-12-2015 07:30,1.0596924
13-12-2015 08:00,1.1624341
13-12-2015 08:30,0.5870417
13-12-2015 09:00,1.2096763
13-12-2015 09:30,0.97592854
13-12-2015 10:00,0.8675796
13-12-2015 10:30,0.92053527
13-12-2015 11:00,1.5196037
13-12-2015 11:30,1.678781
13-12-2015 12:00,1.4927323
13-12-2015 12:30,1.2563545
13-12-2015 13:00,1.5392743
13-12-2015 13:30,1.1633589
13-12-2015 14:00,0.93566024
13-12-2015 14:30,0.83597195
13-12-2015 15:00,0.86957145
13-12-2015 15:30,1.7956971
13-12-2015 16:00,1.2653966
13-12-2015 16:30,1.9388505
13-12-2015 17:00,1.7484972
13-12-2015 17:30,1.4928341
13-12-2015 18:00,1.3890824
13-12-2015 18:30,1.0735383
13-12-2015 19:00,1.2351089
13-12-2015 19:30,1.0343137
13-12-2015 20:00,1.2408907
13-12-2015 20:30,1.606597
13-12-2015 21:00,1.4684122
13-12-2015 21:30,1.0991534
13-12-2015 22:00,0.914134
13-12-2015 22:30,0.7210052
13-12-2015 23:00,0.84795696
13-12-2015 23:30,0.57651776
14-12-2015 00:00,0.61436486
14-12-2015 00:30,0.5783945
14-12-2015 01:00,0.7378935
14-12-2015 01:30,0.87607324
14-12-2015 02:00,0.39967352
14-12-2015 02:30,0.41536364
14-12-2015 03:00,0.34356138
14-12-2015 03:30,0.35556832
14-12-2015 04:00,0.45245302
14-12-2015 04:30,0.52574635
14-12-2015 05:00,1.8395723
14-12-2015 05:30,0.9395038
14-12-2015 06:00,0.9049753
14-12-2015 06:30,1.1079514
14-12-2015 07:00,0.60994685
14-12-2015 07:30,0.46896404
14-12-2015 08:00,0.37765887
14-12-2015 08:30,0.44483685
14-12-2015 09:00,1.2316313
14-12-2015 09:30,0.8179727
14-12-2015 10:00,1.5112839
14-12-2015 10:30,1.860897
14-12-2015 11:00,1.2163002
14-12-2015 11:30,1.4512978
14-12-2015 12:00,2.281231
14-12-2015 12:30,1.2086977
14-12-2015 13:00,1.7034696
14-12-2015 13:30,1.0212531
14-12-2015 14:00,0.6402229
14-12-2015 14:30,0.6497324
14-12-2015 15:00,0.43749425
14-12-2015 15:30,0.6515697
14-12-2015 16:00,0.9299246
14-12-2015 16:30,1.2485678
14-12-2015 17:00,1.3055059
14-12-2015 17:30,1.1843101
14-12-2015 18:00,1.4337251
14-12-2015 18:30,1.1322466
14-12-2015 19:00,0.96368194
14-12-2015 19:30,1.2836041
14-12-2015 20:00,1.175652
14-12-2015 20:30,1.0511749
14-12-2015 21:00,1.0197941
14-12-2015 21:30,1.5630724
14-12-2015 22:00,0.8966401
14-12-2015 22:30,0.8039931
14-12-2015 23:00,2.2058754
14-12-2015 23:30,0.9795652
15-12-2015 00:00,0.98714197
15-12-2015 00:30,0.8725668
15-12-2015 01:00,0.46881458
15-12-2015 01:30,0.55685663
15-12-2015 02:00,0.6163567
15-12-2015 02:30,0.61600494
15-12-2015 03:00,0.59787476
15-12-2015 03:30,0.85476816
15-12-2015 04:00,0.8697827
15-12-2015 04:30,0.5807926
15-12-2015 05:00,0.7799517
15-12-2015 05:30,0.5876768
15-12-2015 06:00,0.8935909
15-12-2015 06:30,0.6056422
15-12-2015 07:00,0.8883206
15-12-2015 07:30,1.1576089
15-12-2015 08:00,0.87255645
15-12-2015 08:30,0.3536287
15-12-2015 09:00,0.2647559
15-12-2015 09:30,0.2847378
15-12-2015 10:00,0.27003196
15-12-2015 10:30,0.3675794
15-12-2015 11:00,0.49047148
15-12-2015 11:30,0.27094522
15-12-2015 12:00,0.48266214
15-12-2015 12:30,0.1882815
15-12-2015 13:00,0.24639866
15-12-2015 13:30,0.40993905
15-12-2015 14:00,1.0183294
15-12-2015 14:30,0.7304542
15-12-2015 15:00,0.6179416
15-12-2015 15:30,1.4171529
15-12-2015 16:00,1.2654464
15-12-2015 16:30,1.2146547
15-12-2015 17:00,1.2443504
15-12-2015 17:30,1.2396287
15-12-2015 18:00,1.0796268
15-12-2015 18:30,1.3780475
15-12-2015 19:00,1.2015891
15-12-2015 19:30,0.733012
15-12-2015 20:00,1.0451789
15-12-2015 20:30,1.2826557
15-12-2015 21:00,0.7715069
15-12-2015 21:30,0.9319774
15-12-2015 22:00,1.4317312
15-12-2015 22:30,1.3384495
15-12-2015 23:00,1.033788
15-12-2015 23:30,0.5092401
16-12-2015 00:00,0.5465636
16-12-2015 00:30,0.4723482
16-12-2015 01:00,0.9732506
16-12-2015 01:30,1.0408932
16-12-2015 02:00,0.943303
16-12-2015 02:30,1.113883
16-12-2015 03:00,1.183294
16-12-2015 03:30,1.0299301
16-12-2015 04:00,1.014566
16-12-2015 04:30,1.2121086
16-12-2015 05:00,1.8075278
16-12-2015 05:30,1.1408136
16-12-2015 06:00,1.2796565
16-12-2015 06:30,1.1630719
16-12-2015 07:00,1.2197263
16-12-2015 07:30,1.082904
16-12-2015 08:00,0.9480312
16-12-2015 08:30,0.39383617
16-12-2015 09:00,0.24683502
16-12-2015 09:30,0.52087647
16-12-2015 10:00,0.21746165
16-12-2015 10:30,0.25164205
16-12-2015 11:00,0.21791977
16-12-2015 11:30,0.15767542
16-12-2015 12:00,0.28847417
16-12-2015 12:30,0.2437248
16-12-2015 13:00,0.11270499
16-12-2015 13:30,0.021804422
16-12-2015 14:00,0.035411477
16-12-2015 14:30,0.2230089
16-12-2015 15:00,0.18404481
16-12-2015 15:30,0.32905495
16-12-2015 16:00,0.46421453
16-12-2015 16:30,0.93958837
16-12-2015 17:00,0.64530265
16-12-2015 17:30,0.9423461
16-12-2015 18:00,1.2656946
16-12-2015 18:30,1.169086
16-12-2015 19:00,1.2899977
16-12-2015 19:30,1.6033086
16-12-2015 20:00,0.94096243
16-12-2015 20:30,0.945343
16-12-2015 21:00,2.0002148
16-12-2015 21:30,1.3916588
16-12-2015 22:00,0.9154606
16-12-2015 22:30,1.292313
16-12-2015 23:00,0.64119625
16-12-2015 23:30,0.44122916
17-12-2015 00:00,0.6354749
17-12-2015 00:30,0.5876912
17-12-2015 01:00,0.7757288
17-12-2015 01:30,0.9352653
17-12-2015 02:00,0.93308747
17-12-2015 02:30,0.9216775
17-12-2015 03:00,1.0125272
17-12-2015 03:30,0.6491599
17-12-2015 04:00,1.0336664
17-12-2015 04:30,0.8484378
17-12-2015 05:00,1.8412324
17-12-2015 05:30,1.1291838
17-12-2015 06:00,1.0409155
17-12-2015 06:30,1.0809569
17-12-2015 07:00,0.8299582
17-12-2015 07:30,1.38522
17-12-2015 08:00,0.7581628
17-12-2015 08:30,0.5959452
17-12-2015 09:00,0.6579736
17-12-2015 09:30,0.5045391
17-12-2015 10:00,0.6594987
17-12-2015 10:30,0.96240395
17-12-2015 11:00,0.95385605
17-12-2015 11:30,0.94033366
17-12-2015 12:00,0.82806575
17-12-2015 12:30,1.1578255
17-12-2015 13:00,1.3766938
17-12-2015 13:30,0.839162
17-12-2015 14:00,0.8703818
17-12-2015 14:30,1.2089524
17-12-2015 15:00,1.191396
17-12-2015 15:30,1.7283723
17-12-2015 16:00,1.4240892
17-12-2015 16:30,1.5471553
17-12-2015 17:00,1.4063463
17-12-2015 17:30,1.1671456
17-12-2015 18:00,1.2117689
17-12-2015 18:30,1.30304
17-12-2015 19:00,1.2509018
17-12-2015 19:30,1.0400827
17-12-2015 20:00,1.1074831
17-12-2015 20:30,1.3968498
17-12-2015 21:00,0.8054463
17-12-2015 21:30,1.1191515
17-12-2015 22:00,1.1267003
17-12-2015 22:30,0.68738216
17-12-2015 23:00,1.1008906
17-12-2015 23:30,0.4943253
18-12-2015 00:00,0.52335703
18-12-2015 00:30,0.39644957
18-12-2015 01:00,0.420794
18-12-2015 01:30,0.45466545
18-12-2015 02:00,0.66372967
18-12-2015 02:30,0.86095846
18-12-2015 03:00,0.8784565
18-12-2015 03:30,0.5590122
18-12-2015 04:00,0.6059489
18-12-2015 04:30,0.6145656
18-12-2015 05:00,1.6111393
18-12-2015 05:30,1.267889
18-12-2015 06:00,1.122661
18-12-2015 06:30,0.9114022
18-12-2015 07:00,0.99275887
18-12-2015 07:30,0.9408636
18-12-2015 08:00,0.9849956
18-12-2015 08:30,0.6714908
18-12-2015 09:00,1.3806927
18-12-2015 09:30,0.6735908
18-12-2015 10:00,1.550079
18-12-2015 10:30,0.35605
18-12-2015 11:00,0.49186563
18-12-2015 11:30,0.508351
18-12-2015 12:00,0.3493616
18-12-2015 12:30,0.51227325
18-12-2015 13:00,0.5304116
18-12-2015 13:30,0.5897568
18-12-2015 14:00,0.45553166
18-12-2015 14:30,0.4313804
18-12-2015 15:00,0.3026167
18-12-2015 15:30,1.048923
18-12-2015 16:00,1.4612343
18-12-2015 16:30,1.862886
18-12-2015 17:00,1.2619433
18-12-2015 17:30,1.2824277
18-12-2015 18:00,1.3378667
18-12-2015 18:30,1.4716716
18-12-2015 19:00,1.1644595
18-12-2015 19:30,1.0007643
18-12-2015 20:00,1.0315658
18-12-2015 20:30,1.1270274
18-12-2015 21:00,0.8348826
18-12-2015 21:30,0.4827963
18-12-2015 22:00,0.39738882
18-12-2015 22:30,0.9144566
18-12-2015 23:00,1.2054205
18-12-2015 23:30,0.6783985
19-12-2015 00:00,0.93874276
19-12-2015 00:30,1.1879685
19-12-2015 01:00,0.8269298
19-12-2015 01:30,1.0095981
19-12-2015 02:00,1.2381842
19-12-2015 02:30,1.014224
19-12-2015 03:00,0.9961773
19-12-2015 03:30,0.8858886
19-12-2015 04:00,0.8235799
19-12-2015 04:30,1.6216607
19-12-2015 05:00,0.97468567
19-12-2015 05:30,0.99756825
19-12-2015 06:00,1.1645234
19-12-2015 06:30,1.7472715
19-12-2015 07:00,1.4265401
19-12-2015 07:30,1.8018137
19-12-2015 08:00,1.6644624
19-12-2015 08:30,1.1166592
19-12-2015 09:00,1.1798716
19-12-2015 09:30,0.9489777
19-12-2015 10:00,1.1072187
19-12-2015 10:30,0.77009857
19-12-2015 11:00,1.2332373
19-12-2015 11:30,1.9622484
19-12-2015 12:00,1.4000475
19-12-2015 12:30,1.3465163
19-12-2015 13:00,1.9739461
19-12-2015 13:30,1.4846308
19-12-2015 14:00,1.7034343
19-12-2015 14:30,0.89594316
19-12-2015 15:00,0.6713444
19-12-2015 15:30,1.7333319
19-12-2015 16:00,2.6968532
19-12-2015 16:30,2.9568386
19-12-2015 17:00,1.8747271
19-12-2015 17:30,1.9325858
19-12-2015 18:00,2.2094648
19-12-2015 18:30,2.148246
19-12-2015 19:00,2.1877236
19-12-2015 19:30,1.8348777
19-12-2015 20:00,1.9678669
19-12-2015 20:30,1.7640157
19-12-2015 21:00,1.4600041
19-12-2015 21:30,1.6331747
19-12-2015 22:00,1.2592334
19-12-2015 22:30,1.2219777
19-12-2015 23:00,1.8913031
19-12-2015 23:30,1.1944637
20-12-2015 00:00,1.7532145
20-12-2015 00:30,1.5926089
20-12-2015 01:00,1.0658994
20-12-2015 01:30,1.2850252
20-12-2015 02:00,1.3048677
20-12-2015 02:30,1.0491856
20-12-2015 03:00,1.248476
20-12-2015 03:30,1.4740579
20-12-2015 04:00,1.5910673
20-12-2015 04:30,1.4933752
20-12-2015 05:00,1.666264
20-12-2015 05:30,1.405462
20-12-2015 06:00,1.0515194
20-12-2015 06:30,1.227604
20-12-2015 07:00,1.5429395
20-12-2015 07:30,1.201968
20-12-2015 08:00,1.1810844
20-12-2015 08:30,1.1786582
20-12-2015 09:00,1.3619833
20-12-2015 09:30,1.0736669
20-12-2015 10:00,0.92021537
20-12-2015 10:30,1.3519641
20-12-2015 11:00,0.76997757
20-12-2015 11:30,1.1189821
20-12-2015 12:00,1.0657916
20-12-2015 12:30,0.99969214
20-12-2015 13:00,1.2601135
20-12-2015 13:30,1.1063877
20-12-2015 14:00,0.952536
20-12-2015 14:30,0.99900407
20-12-2015 15:00,1.3656416
20-12-2015 15:30,1.8784417
20-12-2015 16:00,2.061368
20-12-2015 16:30,1.8434222
20-12-2015 17:00,2.1935244
20-12-2015 17:30,1.476425
20-12-2015 18:00,1.1491153
20-12-2015 18:30,1.4330256
20-12-2015 19:00,1.4713409
20-12-2015 19:30,1.3720548
20-12-2015 20:00,1.6788749
20-12-2015 20:30,1.9626577
20-12-2015 21:00,1.2388369
20-12-2015 21:30,1.2213418
20-12-2015 22:00,0.7051298
20-12-2015 22:30,0.64768237
20-12-2015 23:00,0.8646931
20-12-2015 23:30,1.6667799
21-12-2015 00:00,1.2412549
21-12-2015 00:30,1.687591
21-12-2015 01:00,1.3140635
21-12-2015 01:30,1.0863739
21-12-2015 02:00,0.75654936
21-12-2015 02:30,1.1808138
21-12-2015 03:00,1.3000628
21-12-2015 03:30,0.98452723
21-12-2015 04:00,1.0472333
21-12-2015 04:30,1.2038794
21-12-2015 05:00,1.6266493
21-12-2015 05:30,1.5004385
21-12-2015 06:00,1.1323979
21-12-2015 06:30,1.0923971
21-12-2015 07:00,1.1760051
21-12-2015 07:30,0.73875666
21-12-2015 08:00,0.6167858
21-12-2015 08:30,0.69971406
21-12-2015 09:00,0.81245434
21-12-2015 09:30,0.9294813
21-12-2015 10:00,0.8417725
21-12-2015 10:30,1.2061605
21-12-2015 11:00,1.2658757
21-12-2015 11:30,1.399148
21-12-2015 12:00,1.0250243
21-12-2015 12:30,0.8135123
21-12-2015 13:00,0.5011796
21-12-2015 13:30,0.6153212
21-12-2015 14:00,0.6510437
21-12-2015 14:30,0.63956046
21-12-2015 15:00,0.83603513
21-12-2015 15:30,1.6054139
21-12-2015 16:00,1.3830118
21-12-2015 16:30,2.2677329
21-12-2015 17:00,1.9443408
21-12-2015 17:30,1.7512503
21-12-2015 18:00,2.1117363
21-12-2015 18:30,1.9902546
21-12-2015 19:00,0.62410563
21-12-2015 19:30,0.88604796
21-12-2015 20:00,1.8978173
21-12-2015 20:30,1.8702294
21-12-2015 21:00,2.0604951
21-12-2015 21:30,1.4737136
21-12-2015 22:00,2.2477727
21-12-2015 22:30,1.2184054
21-12-2015 23:00,0.71003485
21-12-2015 23:30,0.6884762
22-12-2015 00:00,0.6734136
22-12-2015 00:30,0.8831794
22-12-2015 01:00,0.5686613
22-12-2015 01:30,0.60718083
22-12-2015 02:00,0.54151577
22-12-2015 02:30,0.38785824
22-12-2015 03:00,0.4670152
22-12-2015 03:30,0.49751142
22-12-2015 04:00,1.1072395
22-12-2015 04:30,0.47730374
22-12-2015 05:00,2.014452
22-12-2015 05:30,1.4156868
22-12-2015 06:00,1.0821284
22-12-2015 06:30,0.83292925
22-12-2015 07:00,0.7673713
22-12-2015 07:30,1.1332816
22-12-2015 08:00,1.2858124
22-12-2015 08:30,0.824955
22-12-2015 09:00,0.7388809
22-12-2015 09:30,0.75600016
22-12-2015 10:00,0.6043782
22-12-2015 10:30,0.4695511
22-12-2015 11:00,0.47483322
22-12-2015 11:30,0.53137314
22-12-2015 12:00,0.8756287
22-12-2015 12:30,0.87521315
22-12-2015 13:00,1.6328993
22-12-2015 13:30,1.9606843
22-12-2015 14:00,2.1664634
22-12-2015 14:30,1.8882811
22-12-2015 15:00,0.9844661
22-12-2015 15:30,2.0223393
22-12-2015 16:00,1.7011274
22-12-2015 16:30,2.4706974
22-12-2015 17:00,1.829574
22-12-2015 17:30,1.4021949
22-12-2015 18:00,1.119853
22-12-2015 18:30,1.2792978
22-12-2015 19:00,1.8096786
22-12-2015 19:30,1.9716733
22-12-2015 20:00,1.6592531
22-12-2015 20:30,1.5309652
22-12-2015 21:00,1.3098762
22-12-2015 21:30,0.71971494
22-12-2015 22:00,0.913806
22-12-2015 22:30,0.6220328
22-12-2015 23:00,0.5127945
22-12-2015 23:30,0.3891416
23-12-2015 00:00,0.34248573
23-12-2015 00:30,0.34819025
23-12-2015 01:00,0.49289674
23-12-2015 01:30,0.41948655
23-12-2015 02:00,0.49252495
23-12-2015 02:30,0.48115334
23-12-2015 03:00,0.6126738
23-12-2015 03:30,0.3776716
23-12-2015 04:00,0.36897928
23-12-2015 04:30,0.36171404
23-12-2015 05:00,2.0112379
23-12-2015 05:30,1.0652033
23-12-2015 06:00,0.93680257
23-12-2015 06:30,0.7236644
23-12-2015 07:00,1.0857959
23-12-2015 07:30,0.70583415
23-12-2015 08:00,0.7109643
23-12-2015 08:30,1.4298124
23-12-2015 09:00,1.4942398
23-12-2015 09:30,1.6177938
23-12-2015 10:00,2.3820353
23-12-2015 10:30,1.5017489
23-12-2015 11:00,1.2118349
23-12-2015 11:30,0.9080839
23-12-2015 12:00,1.040612
23-12-2015 12:30,0.88956624
23-12-2015 13:00,0.85096043
23-12-2015 13:30,1.0542763
23-12-2015 14:00,0.9393283
23-12-2015 14:30,1.0533317
23-12-2015 15:00,1.2869906
23-12-2015 15:30,1.0296466
23-12-2015 16:00,1.0181005
23-12-2015 16:30,1.7164563
23-12-2015 17:00,1.6021222
23-12-2015 17:30,1.5445161
23-12-2015 18:00,1.4868138
23-12-2015 18:30,1.892344
23-12-2015 19:00,1.3209046
23-12-2015 19:30,1.83739
23-12-2015 20:00,2.25755
23-12-2015 20:30,2.778012
23-12-2015 21:00,3.503692
23-12-2015 21:30,1.5247835
23-12-2015 22:00,1.2520494
23-12-2015 22:30,1.6086832
23-12-2015 23:00,2.0342283
23-12-2015 23:30,0.89797944
24-12-2015 00:00,0.84169495
24-12-2015 00:30,1.0742725
24-12-2015 01:00,0.82216114
24-12-2015 01:30,0.93521285
24-12-2015 02:00,0.67383295
24-12-2015 02:30,0.47483966
24-12-2015 03:00,0.59187984
24-12-2015 03:30,0.9255562
24-12-2015 04:00,0.4907472
24-12-2015 04:30,0.5705866
24-12-2015 05:00,1.0606517
24-12-2015 05:30,0.73435974
24-12-2015 06:00,0.91126704
24-12-2015 06:30,1.0724502
24-12-2015 07:00,1.2102079
24-12-2015 07:30,1.2710676
24-12-2015 08:00,0.90623415
24-12-2015 08:30,0.94412917
24-12-2015 09:00,1.553568
24-12-2015 09:30,1.6825608
24-12-2015 10:00,1.8247367
24-12-2015 10:30,2.234276
24-12-2015 11:00,1.8801662
24-12-2015 11:30,1.0894744
24-12-2015 12:00,0.48054394
24-12-2015 12:30,0.39840662
24-12-2015 13:00,0.49548927
24-12-2015 13:30,0.66730535
24-12-2015 14:00,0.8973636
24-12-2015 14:30,0.8720208
24-12-2015 15:00,0.86008346
24-12-2015 15:30,1.9021356
24-12-2015 16:00,1.1304173
24-12-2015 16:30,2.105227
24-12-2015 17:00,1.7228758
24-12-2015 17:30,0.85557795
24-12-2015 18:00,1.1658709
24-12-2015 18:30,1.0836663
24-12-2015 19:00,0.48689958
24-12-2015 19:30,0.5484118
24-12-2015 20:00,0.6100017
24-12-2015 20:30,0.4426512
24-12-2015 21:00,0.7144948
24-12-2015 21:30,0.48886585
24-12-2015 22:00,0.94359463
24-12-2015 22:30,0.8854935
24-12-2015 23:00,0.8607133
24-12-2015 23:30,0.5031803
25-12-2015 00:00,0.75876045
25-12-2015 00:30,0.41706
25-12-2015 01:00,0.4468901
25-12-2015 01:30,0.37248257
25-12-2015 02:00,0.52935296
25-12-2015 02:30,0.38028845
25-12-2015 03:00,0.37882736
25-12-2015 03:30,0.48756075
25-12-2015 04:00,0.34628338
25-12-2015 04:30,0.48597315
25-12-2015 05:00,0.9769275
25-12-2015 05:30,0.89037526
25-12-2015 06:00,1.0240321
25-12-2015 06:30,0.7741085
25-12-2015 07:00,0.54178715
25-12-2015 07:30,0.47480798
25-12-2015 08:00,0.63328505
25-12-2015 08:30,0.8296815
25-12-2015 09:00,0.9265912
25-12-2015 09:30,0.8977964
25-12-2015 10:00,0.55859965
25-12-2015 10:30,0.4376364
25-12-2015 11:00,0.5569208
25-12-2015 11:30,0.8195694
25-12-2015 12:00,1.3934894
25-12-2015 12:30,1.0854443
25-12-2015 13:00,1.3856137
25-12-2015 13:30,0.5543299
25-12-2015 14:00,0.96267617
25-12-2015 14:30,1.1033348
25-12-2015 15:00,0.97157305
25-12-2015 15:30,1.1363287
25-12-2015 16:00,1.4508479
25-12-2015 16:30,2.1643138
25-12-2015 17:00,1.6620305
25-12-2015 17:30,1.2754848
25-12-2015 18:00,1.0462096
25-12-2015 18:30,1.4610959
25-12-2015 19:00,0.69248104
25-12-2015 19:30,1.6194092
25-12-2015 20:00,0.8892718
25-12-2015 20:30,0.64718294
25-12-2015 21:00,0.6145906
25-12-2015 21:30,0.44237435
25-12-2015 22:00,0.83284545
25-12-2015 22:30,0.86252975
25-12-2015 23:00,0.68180406
25-12-2015 23:30,0.4737171
26-12-2015 00:00,0.37668705
26-12-2015 00:30,0.51907074
26-12-2015 01:00,0.48024476
26-12-2015 01:30,0.37823558
26-12-2015 02:00,0.6022108
26-12-2015 02:30,0.3728419
26-12-2015 03:00,0.46034485
26-12-2015 03:30,0.3998086
26-12-2015 04:00,0.53937787
26-12-2015 04:30,0.54728884
26-12-2015 05:00,0.48459122
26-12-2015 05:30,0.6046047
26-12-2015 06:00,0.46448967
26-12-2015 06:30,0.9900312
26-12-2015 07:00,1.2205521
26-12-2015 07:30,1.4164567
26-12-2015 08:00,1.5952257
26-12-2015 08:30,1.2597551
26-12-2015 09:00,0.68168455
26-12-2015 09:30,1.5018646
26-12-2015 10:00,1.536339
26-12-2015 10:30,0.8826581
26-12-2015 11:00,0.8354627
26-12-2015 11:30,0.272506
26-12-2015 12:00,0.6189244
26-12-2015 12:30,0.33114722
26-12-2015 13:00,0.4536248
26-12-2015 13:30,1.0821035
26-12-2015 14:00,0.5765299
26-12-2015 14:30,0.5561768
26-12-2015 15:00,0.49927717
26-12-2015 15:30,0.9548968
26-12-2015 16:00,2.3867044
26-12-2015 16:30,1.6522171
26-12-2015 17:00,1.0746928
26-12-2015 17:30,1.1090419
26-12-2015 18:00,1.1634706
26-12-2015 18:30,1.0358193
26-12-2015 19:00,1.1164492
26-12-2015 19:30,1.1657498
26-12-2015 20:00,0.7921397
26-12-2015 20:30,1.0612247
26-12-2015 21:00,1.1248803
26-12-2015 21:30,0.90953255
26-12-2015 22:00,0.45174944
26-12-2015 22:30,0.9031937
26-12-2015 23:00,1.2959669
26-12-2015 23:30,0.4644329
27-12-2015 00:00,0.40791637
27-12-2015 00:30,0.3487432
27-12-2015 01:00,0.5045452
27-12-2015 01:30,0.39782935
27-12-2015 02:00,0.41597754
27-12-2015 02:30,0.6529777
27-12-2015 03:00,0.48957592
27-12-2015 03:30,0.50655514
27-12-2015 04:00,0.6400635
27-12-2015 04:30,0.6400138
27-12-2015 05:00,0.9859363
27-12-2015 05:30,0.7664896
27-12-2015 06:00,0.68728316
27-12-2015 06:30,1.0864787
27-12-2015 07:00,1.3583642
27-12-2015 07:30,1.1471592
27-12-2015 08:00,1.113332
27-12-2015 08:30,0.96653134
27-12-2015 09:00,0.76671004
27-12-2015 09:30,1.0032296
27-12-2015 10:00,1.2283278
27-12-2015 10:30,1.3722389
27-12-2015 11:00,1.6062598
27-12-2015 11:30,1.0816476
27-12-2015 12:00,1.6069777
27-12-2015 12:30,1.731327
27-12-2015 13:00,1.055341
27-12-2015 13:30,1.0940678
27-12-2015 14:00,1.0818539
27-12-2015 14:30,0.4534689
27-12-2015 15:00,1.227694
27-12-2015 15:30,1.1195524
27-12-2015 16:00,1.135189
27-12-2015 16:30,1.6384082
27-12-2015 17:00,0.8894571
27-12-2015 17:30,1.4031881
27-12-2015 18:00,1.3229322
27-12-2015 18:30,0.97708464
27-12-2015 19:00,1.0675377
27-12-2015 19:30,1.4484682
27-12-2015 20:00,1.3325713
27-12-2015 20:30,1.2124678
27-12-2015 21:00,1.1549499
27-12-2015 21:30,1.0848458
27-12-2015 22:00,1.0074223
27-12-2015 22:30,0.9209969
27-12-2015 23:00,0.55133003
27-12-2015 23:30,0.49166384
28-12-2015 00:00,0.6424012
28-12-2015 00:30,1.1740769
28-12-2015 01:00,1.0902002
28-12-2015 01:30,0.8768722
28-12-2015 02:00,0.88149405
28-12-2015 02:30,0.8492197
28-12-2015 03:00,0.8713835
28-12-2015 03:30,1.0893724
28-12-2015 04:00,1.0992787
28-12-2015 04:30,1.0218036
28-12-2015 05:00,1.9883431
28-12-2015 05:30,1.2321248
28-12-2015 06:00,1.0556693
28-12-2015 06:30,1.0878294
28-12-2015 07:00,0.75054705
28-12-2015 07:30,0.87881756
28-12-2015 08:00,0.4025092
28-12-2015 08:30,0.6038194
28-12-2015 09:00,0.92954856
28-12-2015 09:30,1.0300496
28-12-2015 10:00,1.2372506
28-12-2015 10:30,1.6292177
28-12-2015 11:00,2.2967744
28-12-2015 11:30,2.071907
28-12-2015 12:00,0.581338
28-12-2015 12:30,1.1950538
28-12-2015 13:00,0.41860852
28-12-2015 13:30,0.4832759
28-12-2015 14:00,0.66036785
28-12-2015 14:30,0.74618036
28-12-2015 15:00,0.8672843
28-12-2015 15:30,1.6724929
28-12-2015 16:00,1.6070312
28-12-2015 16:30,2.4088573
28-12-2015 17:00,2.1733193
28-12-2015 17:30,1.8559878
28-12-2015 18:00,2.3729029
28-12-2015 18:30,1.1696596
28-12-2015 19:00,0.6589962
28-12-2015 19:30,2.4439893
28-12-2015 20:00,2.9245806
28-12-2015 20:30,1.9490063
28-12-2015 21:00,2.1860933
28-12-2015 21:30,1.242075
28-12-2015 22:00,0.8022464
28-12-2015 22:30,1.3439997
28-12-2015 23:00,1.2152926
28-12-2015 23:30,1.1673145
29-12-2015 00:00,1.2352895
29-12-2015 00:30,1.2188044
29-12-2015 01:00,1.0530379
29-12-2015 01:30,1.1899981
29-12-2015 02:00,1.1900103
29-12-2015 02:30,1.279038
29-12-2015 03:00,1.1992826
29-12-2015 03:30,1.1195717
29-12-2015 04:00,1.4924865
29-12-2015 04:30,1.1323825
29-12-2015 05:00,2.167757
29-12-2015 05:30,1.3537384
29-12-2015 06:00,1.3599613
29-12-2015 06:30,1.3001034
29-12-2015 07:00,1.5284697
29-12-2015 07:30,1.7656081
29-12-2015 08:00,0.7414564
29-12-2015 08:30,0.83218366
29-12-2015 09:00,0.8885906
29-12-2015 09:30,1.0977151
29-12-2015 10:00,1.1520708
29-12-2015 10:30,0.8290837
29-12-2015 11:00,1.0980068
29-12-2015 11:30,0.8769436
29-12-2015 12:00,1.025017
29-12-2015 12:30,1.0070251
29-12-2015 13:00,0.9771362
29-12-2015 13:30,1.1351396
29-12-2015 14:00,0.88263094
29-12-2015 14:30,1.6508745
29-12-2015 15:00,1.4027859
29-12-2015 15:30,1.4709158
29-12-2015 16:00,1.473165
29-12-2015 16:30,1.7443811
29-12-2015 17:00,1.4814051
29-12-2015 17:30,1.863179
29-12-2015 18:00,1.9974563
29-12-2015 18:30,1.5621872
29-12-2015 19:00,1.6305257
29-12-2015 19:30,1.4961264
29-12-2015 20:00,1.2880774
29-12-2015 20:30,1.2744477
29-12-2015 21:00,0.9810583
29-12-2015 21:30,1.0384266
29-12-2015 22:00,1.0590141
29-12-2015 22:30,1.0955541
29-12-2015 23:00,1.0411628
29-12-2015 23:30,1.2861042
30-12-2015 00:00,1.1423955
30-12-2015 00:30,0.84885824
30-12-2015 01:00,0.9784515
30-12-2015 01:30,1.2396929
30-12-2015 02:00,1.0720851
30-12-2015 02:30,0.9600342
30-12-2015 03:00,1.3925972
30-12-2015 03:30,0.9702452
30-12-2015 04:00,1.1982228
30-12-2015 04:30,1.1013596
30-12-2015 05:00,1.8100532
30-12-2015 05:30,1.4372749
30-12-2015 06:00,0.9811089
30-12-2015 06:30,1.1695156
30-12-2015 07:00,0.87316763
30-12-2015 07:30,1.4000218
30-12-2015 08:00,1.3238153
30-12-2015 08:30,1.0221696
30-12-2015 09:00,0.82514846
30-12-2015 09:30,1.4685001
30-12-2015 10:00,1.8109651
30-12-2015 10:30,0.7816756
30-12-2015 11:00,1.1516507
30-12-2015 11:30,1.2913396
30-12-2015 12:00,1.7533244
30-12-2015 12:30,1.2505845
30-12-2015 13:00,1.2984871
30-12-2015 13:30,1.4043953
30-12-2015 14:00,1.1949966
30-12-2015 14:30,1.4204803
30-12-2015 15:00,1.286072
30-12-2015 15:30,2.080285
30-12-2015 16:00,1.6983289
30-12-2015 16:30,2.1507013
30-12-2015 17:00,1.9884686
30-12-2015 17:30,1.320622
30-12-2015 18:00,1.477942
30-12-2015 18:30,1.53404
30-12-2015 19:00,1.5141475
30-12-2015 19:30,1.1636469
30-12-2015 20:00,1.5682819
30-12-2015 20:30,1.219177
30-12-2015 21:00,1.4135364
30-12-2015 21:30,0.909947
30-12-2015 22:00,0.8919206
30-12-2015 22:30,0.81779915
30-12-2015 23:00,0.71170545
30-12-2015 23:30,1.0344222
31-12-2015 00:00,1.076199
31-12-2015 00:30,0.82994866
31-12-2015 01:00,1.0228791
31-12-2015 01:30,1.170537
31-12-2015 02:00,1.0331253
31-12-2015 02:30,0.888963
31-12-2015 03:00,1.0804589
31-12-2015 03:30,0.9506204
31-12-2015 04:00,1.0219436
31-12-2015 04:30,1.1420137
31-12-2015 05:00,1.9854352
31-12-2015 05:30,1.3487998
31-12-2015 06:00,1.108204
31-12-2015 06:30,1.2209175
31-12-2015 07:00,1.1344703
31-12-2015 07:30,1.3394403
31-12-2015 08:00,0.99662435
31-12-2015 08:30,0.87171805
31-12-2015 09:00,0.47204942
31-12-2015 09:30,0.4993028
31-12-2015 10:00,0.67105085
31-12-2015 10:30,0.51787376
31-12-2015 11:00,0.52588755
31-12-2015 11:30,0.34698465
31-12-2015 12:00,0.6079351
31-12-2015 12:30,1.0579817
31-12-2015 13:00,0.5898765
31-12-2015 13:30,0.8284761
31-12-2015 14:00,2.420093
31-12-2015 14:30,2.099868
31-12-2015 15:00,2.1176176
31-12-2015 15:30,1.7131968
31-12-2015 16:00,1.3405311
31-12-2015 16:30,2.0181303
31-12-2015 17:00,1.5650896
31-12-2015 17:30,1.3159374
31-12-2015 18:00,1.2809665
31-12-2015 18:30,1.3825574
31-12-2015 19:00,1.2796937
31-12-2015 19:30,1.7494273
31-12-2015 20:00,2.0174465
31-12-2015 20:30,1.7475966
31-12-2015 21:00,1.0711908
31-12-2015 21:30,1.0881569
31-12-2015 22:00,0.79064643
31-12-2015 22:30,1.2085543
31-12-2015 23:00,1.2370982
31-12-2015 23:30,1.4569628
